pid,A,B,C,D,E,F,G,H,I,ALL,Ap,Bp,Cp,Dp,Ep,Fp,Gp,Hp,Ip,Ae,Be,Ce,De,Ee,Fe,Ge,He,Ie,Aa,Ba,Ca,Da,Ea,Fa,Ga,Ha,Ia
100011,0,0,2,0,0,0,0,0,0,2,0.997972973,0.778037383,0.730916751,0.877686916,0.836065574,0.598634812,1,0.819843979,0.848130841,0,1,1,1,0,2,0,1,1,0,0,1,0,0,1,0,0,0
100075,0,0,2,0,0,0,0,0,0,2,1,1,0.573943662,0.941588785,0.948770492,0.726962457,0.940191388,0.940273038,0.941588785,1,0,2,0,0,1,0,0,0,0,0,2,0,0,1,0,0,0
100149,0,0,3,0,0,0,0,0,0,3,1,0.894859813,0.498709451,0.957943925,1,0.835039818,0.920255183,0.937428896,0.96105919,1,1,2,0,0,1,0,1,0,0,0,2,0,0,0,0,0,0
100301,0,1,2,0,0,0,0,0,0,3,0.99978204,0.859813084,0.715843081,0.859813084,0.965846995,0.815212092,0.960127592,0.92036405,0.859813084,0,1,1,1,0,0,0,0,0,0,0,1,0,0,0,0,0,0
100303,0,0,1,0,0,0,0,1,0,2,0.987642248,0.87694704,0.684663537,0.977803738,1,0.858361775,0.812200957,0.756877339,0.930490654,1,0,1,0,0,1,0,1,0,0,0,1,0,0,0,0,1,0
100406,0,0,0,0,0,2,0,0,0,2,1,0.696261682,0.75,0.789719626,0.916569087,0.641638225,1,0.940273038,1,1,1,0,1,0,1,0,0,0,0,1,0,1,0,1,0,0,0
100518,0,1,1,0,0,0,1,0,0,3,0.995709996,0.717757009,0.722313006,0.892523364,1,0.823663254,0.840510367,0.756800083,0.821261682,1,2,0,0,1,1,1,3,1,0,0,0,0,0,0,0,1,0
100608,0,0,4,0,0,0,0,0,0,4,0.992515841,0.921728972,0.559171904,0.892163911,0.969262295,0.762969283,0.928229665,0.819032044,0.941588785,2,1,4,0,0,2,0,1,0,0,1,4,0,0,1,0,0,0
100610,0,0,2,0,0,0,0,0,0,2,1,0.84228972,0.610740233,0.936915888,1,0.829351536,1,0.906143345,0.941588785,0,1,0,0,0,1,0,1,0,0,0,0,0,0,0,0,0,0
100627,4,0,3,0,0,0,0,0,0,7,0.991062991,0.764908767,0.677454709,0.861610352,0.982435597,0.864358849,1,0.766921285,0.933244326,2,5,1,1,0,3,1,4,0,0,1,1,0,0,1,0,1,0
100721,0,0,1,0,0,0,0,1,0,2,1,0.774922118,0.674120515,0.872955607,1,0.906143345,1,0.653579826,1,0,1,0,0,0,1,0,2,0,0,0,0,0,0,0,0,1,0
100725,0,0,2,0,0,0,0,0,0,2,1,0.696261682,0.345342775,0.88317757,1,0.812286689,1,0.812286689,1,0,2,0,0,0,2,0,2,0,0,0,0,0,0,0,0,0,0
100776,0,0,1,0,0,0,0,0,0,1,1,0.684579439,0.34824103,0.873831776,1,0.812286689,1,0.812286689,1,0,1,0,0,0,1,0,1,0,0,0,0,0,0,0,0,0,0
101027,0,0,2,0,0,0,0,1,0,3,0.987016428,0.704439252,0.501159659,0.84761163,1,0.874857793,1,0.713772617,0.926568758,0,3,0,1,0,2,0,3,0,0,0,0,0,0,0,0,1,0
101122,0,0,0,0,0,0,0,0,1,1,0.989666137,0.696261682,0.626760563,0.694509346,1,0.597757192,1,0.880546075,0.693712829,0,0,0,0,0,0,0,0,0,0,0,0,0,0,0,0,0,0
101226,0,0,3,0,0,0,0,1,0,4,0.993821124,0.85961838,0.647701885,0.957359813,1,0.843856655,0.86423445,0.831510342,0.93603972,2,1,1,0,0,2,0,2,0,0,0,1,0,0,0,0,1,0
103026,0,0,2,1,0,1,0,2,0,6,0.992170939,0.797702492,0.656475492,0.825123313,0.982923497,0.806598407,1,0.739325983,0.963284379,2,3,2,2,0,3,0,3,0,0,0,1,0,0,1,0,1,0
103045,0,0,6,0,0,0,0,1,0,7,0.99463262,0.859813084,0.662228767,0.906542056,0.93823185,0.791223793,0.967942584,0.787674052,0.901086525,2,1,5,0,0,3,0,4,1,0,0,2,0,0,2,0,0,0
103073,0,0,1,0,0,0,0,0,0,1,0.998933144,1,0.552425665,1,1,0.767918089,0.832535885,0.98890785,1,1,0,1,0,0,1,0,0,0,0,0,1,0,0,0,0,0,0
103078,0,0,2,1,0,0,0,0,0,3,0.997133497,0.790498442,0.507463675,0.775221663,0.924863388,0.806825939,1,0.733965365,0.96105919,1,2,1,0,0,1,0,2,0,0,1,1,0,0,0,0,0,0
103142,0,0,1,0,0,1,0,1,0,3,0.995322245,0.813343718,0.698239968,0.957943925,1,0.7629124,0.968102073,0.80523322,0.891324183,1,2,0,0,0,2,0,2,0,0,0,0,0,0,1,0,1,0
103351,0,0,3,0,0,0,0,0,0,3,1,0.894859813,0.498709451,0.919003115,0.965846995,0.755403868,0.960127592,0.897610922,0.96105919,1,1,2,0,0,2,0,1,0,0,0,2,0,0,1,0,0,0
103399,0,0,1,0,0,0,0,0,0,1,0.991400491,0.686915888,0.547389432,0.685478073,0.87704918,0.83003413,1,0.50906333,0.88317757,1,1,1,0,0,0,0,1,0,0,1,1,0,0,0,0,0,0
103412,0,0,2,0,0,0,0,0,0,2,0.999466572,0.88317757,0.589593114,0.941588785,1,0.687713311,0.916267943,0.934726962,1,2,0,2,0,0,2,0,0,0,0,0,1,0,0,1,0,0,0
103450,0,0,4,0,0,0,0,0,0,4,0.997850123,0.921728972,0.673819189,0.892163911,0.969262295,0.880716724,0.940191388,0.847402351,0.88928753,3,1,3,0,0,0,0,1,0,0,1,3,0,0,0,0,0,0
104112,1,0,0,0,0,0,0,0,0,1,1,0.696261682,0.623826291,0.88123053,1,0.671867382,1,0.880546075,1,0,1,1,0,0,1,0,0,0,0,0,0,0,0,0,0,0,0
104148,0,0,2,0,0,0,0,0,0,2,1,1,0.626760563,0.824766355,0.897540984,0.692832765,1,0.880546075,1,1,0,1,0,0,1,0,0,0,0,0,1,0,0,1,0,0,0
104341,0,0,3,0,0,0,0,0,0,3,0.996777878,0.895638629,0.540313953,0.895159358,0.959016393,0.814789534,0.90430622,0.83265706,0.92211838,2,1,3,0,0,1,0,1,0,0,1,3,0,0,0,0,0,0
104425,0,0,2,1,0,0,0,1,0,4,1,0.769275701,0.64170581,0.862946892,1,0.808020478,1,0.820819113,0.970794393,0,2,0,1,0,3,0,3,0,0,0,0,1,0,0,0,0,0
104455,2,0,3,0,0,0,0,2,0,7,0.997806248,0.866688919,0.69312844,0.911508678,0.992974239,0.886335934,0.9316473,0.758126252,0.894051669,3,3,1,1,0,3,0,4,0,0,0,1,0,0,0,0,1,0
104466,0,1,0,0,0,0,0,0,0,1,0.989666137,0.696261682,0.626760563,0.694509346,1,0.597757192,1,0.880546075,0.693712829,0,0,0,0,0,0,0,0,0,0,0,0,0,0,0,0,0,0
104519,0,0,10,0,0,0,0,1,0,11,0.998380612,0.953271028,0.6597777,0.928805901,0.95342772,0.800257763,0.95215311,0.88513807,0.911083423,6,1,9,2,0,4,0,3,1,0,0,6,1,0,3,0,1,0
104557,0,0,0,0,0,1,0,0,0,1,0.989666137,0.696261682,0.626760563,0.694509346,1,0.597757192,1,0.880546075,0.693712829,0,0,0,0,0,0,0,0,0,0,0,0,0,0,0,0,0,0
104568,0,0,1,1,0,1,0,0,0,3,1,0.797507788,0.626851347,0.781931464,0.931693989,0.823663254,0.968102073,0.864163823,0.930264993,1,2,0,1,0,1,0,2,0,0,1,0,1,0,0,0,0,0
104619,1,0,3,1,0,1,0,1,0,7,0.992973725,0.884012016,0.700335928,0.875462665,0.985362998,0.864081311,0.976076555,0.876600265,0.909749494,3,1,3,2,0,2,0,2,0,0,1,2,2,0,1,0,0,0
104664,0,0,1,0,0,0,0,0,0,1,0.994833068,0.680841121,0.695422535,1,1,0.771331058,1,0.795221843,1,0,1,1,0,0,1,0,1,0,0,0,0,0,0,0,0,0,0
104727,0,0,2,0,0,0,0,1,0,3,0.997133497,0.794392523,0.600394304,0.856218548,0.959016393,0.840955631,0.968102073,0.612942853,0.891324183,2,2,1,0,0,1,0,3,0,0,1,1,0,0,0,0,1,0
104795,0,0,0,1,0,0,0,0,0,1,0.991400491,0.686915888,0.547389432,0.685478073,0.87704918,0.83003413,1,0.50906333,0.88317757,1,1,1,0,0,0,0,1,0,0,1,1,0,0,0,0,0,0
104816,0,0,4,1,0,0,0,2,0,7,0.999034749,0.82329773,0.6809201,0.851428571,0.970725995,0.907362262,0.94531784,0.76611201,0.927723715,1,4,2,3,0,3,0,4,0,0,1,1,1,0,0,0,1,0
104956,0,0,1,0,0,0,0,0,0,1,1,1,0.521126761,1,1,0.846416382,0.880382775,1,0.88317757,0,0,1,0,0,0,0,0,0,0,0,1,0,0,0,0,0,0
106079,0,0,2,0,0,1,0,1,0,4,0.993780713,0.806074766,0.67304344,0.77978972,0.948770492,0.86774744,0.976076555,0.898122867,0.914053885,2,2,1,3,0,2,0,2,0,0,1,0,1,0,0,0,0,0
106165,0,0,1,0,0,0,0,0,0,1,1,0.76635514,0.626760563,0.88317757,1,0.607508532,1,0.880546075,1,1,0,1,0,0,1,0,0,0,0,0,0,0,0,1,0,0,0
106257,0,0,0,0,0,1,0,0,0,1,1,0.684579439,0.34824103,0.873831776,1,0.812286689,1,0.812286689,1,0,1,0,0,0,1,0,1,0,0,0,0,0,0,0,0,0,0
106262,0,0,2,0,0,1,0,3,0,6,0.991752406,0.773512832,0.711638731,0.79377006,0.952185792,0.840859368,1,0.771145158,0.949376947,2,3,2,2,0,3,0,3,0,0,1,2,1,0,1,0,0,0
106397,2,0,1,0,0,1,0,2,0,6,0.991078132,0.840537383,0.71604512,0.889185197,0.965846995,0.792377702,0.913556619,0.745075348,0.903790239,2,2,1,2,1,4,0,4,1,0,0,1,1,0,1,0,2,0
106432,0,0,5,0,0,0,0,0,0,5,1,0.829439252,0.493646338,0.928037383,1,0.784982935,0.976076555,0.901023891,0.953271028,1,2,3,0,0,3,0,2,0,0,0,2,0,0,1,0,0,0
106504,0,0,1,0,0,0,0,0,0,1,1,0.696261682,0.345342775,0.88317757,1,0.812286689,1,0.812286689,1,0,1,0,0,0,1,0,1,0,0,0,0,0,0,0,0,0,0
106608,0,0,0,1,0,1,0,0,0,2,0.991554054,0.695024739,0.727746479,0.788089881,0.980532787,0.739761092,0.916267943,1,0.941588785,0,2,1,1,0,2,0,0,0,0,1,0,1,0,0,0,0,0
106663,0,0,1,0,0,0,0,0,0,1,1,0.684579439,0.34824103,0.873831776,1,0.812286689,1,0.812286689,1,0,1,0,0,0,1,0,1,0,0,0,0,0,0,0,0,0,0
106693,0,0,1,0,0,0,0,0,0,1,1,0.684579439,0.34824103,0.873831776,1,0.812286689,1,0.812286689,1,0,1,0,0,0,1,0,1,0,0,0,0,0,0,0,0,0,0
106707,0,0,1,0,0,0,0,0,0,1,1,0.684579439,0.34824103,0.873831776,1,0.812286689,1,0.812286689,1,0,1,0,0,0,1,0,1,0,0,0,0,0,0,0,0,0,0
106711,1,0,1,0,0,0,0,0,0,2,0.998498498,0.742990654,0.672671387,0.88317757,1,0.906143345,1,0.812286689,1,1,2,0,0,0,1,0,1,0,0,0,0,0,0,0,0,0,0
106712,0,0,1,0,0,0,0,0,0,1,1,0.696261682,0.345342775,0.88317757,1,0.812286689,1,0.812286689,1,0,1,0,0,0,1,0,1,0,0,0,0,0,0,0,0,0,0
106750,0,0,0,1,0,1,0,0,0,2,0.983853339,0.731308411,0.625847679,0.784504339,1,0.798878596,1,0.700550729,0.639908916,0,1,1,0,0,0,0,1,0,0,0,0,0,0,0,0,0,0
106820,0,0,3,0,0,0,0,1,0,4,0.996160934,0.685514019,0.520474915,0.781696621,0.969262295,0.863651877,0.958133971,0.613013044,0.925817757,1,4,1,1,0,3,0,4,0,0,1,1,0,0,0,0,0,0
106822,0,0,2,1,0,0,0,0,0,3,1,0.719626168,0.615114258,0.758566978,0.959016393,0.886234357,1,0.636053366,0.92211838,0,2,1,1,0,1,0,2,0,0,1,0,1,0,0,0,0,0
106832,0,0,1,0,0,0,0,0,0,1,1,0.684579439,0.34824103,0.873831776,1,0.812286689,1,0.812286689,1,0,1,0,0,0,1,0,1,0,0,0,0,0,0,0,0,0,0
106845,0,0,1,0,0,0,0,0,0,1,1,0.696261682,0.345342775,0.88317757,1,0.812286689,1,0.812286689,1,0,1,0,0,0,1,0,1,0,0,0,0,0,0,0,0,0,0
106882,0,0,1,1,0,0,0,0,0,2,1,0.783878505,0.674120515,0.855140187,1,0.906143345,1,0.846416382,1,0,1,0,1,0,1,0,1,0,0,0,0,0,0,0,0,0,0
107007,0,0,2,0,0,0,0,0,0,2,1,0.731308411,0.591549296,0.696261682,0.93852459,0.726962457,1,0.701240323,0.789719626,1,1,1,0,0,0,0,1,0,0,0,0,0,0,0,0,0,0
100116,0,0,0,0,0,0,4,0,2,6,0.99028574,0.944963655,0.881199698,0.926791277,0.914275956,0.925625711,0.837468818,0.903037198,0.780161151,1,0,1,2,1,0,2,1,2,0,0,0,0,0,0,1,0,1
100169,0,0,5,0,0,0,0,0,0,5,0.998123123,0.976518692,0.873239437,0.939252336,1,0.846416382,0.844497608,0.928062192,0.884249338,3,0,1,1,0,2,0,1,0,0,0,0,1,0,0,0,0,0
100307,0,0,4,1,0,0,0,0,0,5,1,0.91588785,0.974647887,0.892523364,0.979508197,0.969283276,0.942583732,0.849829352,0.976635514,0,0,0,0,0,0,0,0,0,0,0,0,0,0,0,0,0,0
100356,2,0,0,0,0,0,0,1,0,3,0.999344172,0.92211838,0.833333333,0.881808742,1,0.948805461,1,0.841555487,0.862951811,1,1,0,1,0,0,0,0,1,0,0,0,1,0,0,0,0,0
100382,0,0,0,0,1,0,16,0,0,17,0.992264229,0.962891699,0.917049877,0.932233828,0.951542912,0.921903232,0.91835069,0.943619086,0.919788449,7,1,2,2,0,2,1,0,1,0,0,0,0,0,0,0,0,0
100412,0,0,0,0,0,0,1,0,0,1,1,1,1,0.929906542,1,1,1,0.846416382,0.874476987,1,0,0,0,0,0,0,1,0,0,0,0,0,0,0,0,0,0
100438,1,0,0,0,0,0,0,0,0,1,1,1,0.873239437,1,1,1,0.880382775,1,0.88317757,1,0,0,0,0,0,0,0,0,0,0,0,0,0,0,0,0,0
100441,0,1,1,0,0,0,0,1,0,3,1,0.96105919,0.957746479,0.88317757,0.931693989,0.948805461,0.944178628,0.92036405,0.96105919,1,0,0,1,0,0,0,0,0,0,0,0,0,0,0,0,0,0
100624,0,0,0,1,0,0,0,0,0,1,1,1,0.873239437,0.789719626,1,0.846416382,0.880382775,1,1,1,0,0,0,0,0,0,0,0,0,0,0,0,0,0,0,0,0
100900,0,1,11,3,0,0,0,3,0,18,0.993849966,0.90398337,0.834122327,0.83793205,0.948893092,0.894178505,0.961456672,0.88755569,0.873313017,7,3,4,7,1,1,0,4,0,0,2,2,6,1,1,0,2,0
100924,0,0,9,0,0,0,0,0,0,9,0.997790098,0.92211838,0.887454356,0.926369418,0.979508197,0.86632537,0.976076555,0.866818354,0.913211417,5,1,2,1,0,2,0,2,0,0,0,0,0,0,1,0,0,0
100951,3,0,1,1,0,0,0,0,0,5,0.996396396,0.938317757,0.846478873,0.828816199,0.952254098,0.955631399,1,0.888298391,0.928555834,1,1,0,1,0,0,0,0,0,0,0,0,0,0,0,0,0,0
100966,0,0,0,0,0,0,0,2,0,2,0.989364364,1,0.947867762,0.956775701,0.948770492,0.918088737,0.943630383,0.823766677,0.821279139,2,0,0,1,0,0,0,1,0,0,0,0,0,0,0,0,0,0
100990,9,0,0,0,0,0,0,0,0,9,0.99386555,0.963655244,0.968248489,0.914330218,0.924863388,0.889051411,0.980329612,0.896549109,0.984942887,2,0,0,1,0,2,2,0,0,0,0,0,0,0,0,0,0,0
101045,0,0,1,1,0,0,0,0,0,2,0.984073359,0.941588785,0.858674776,0.837415404,0.897540984,1,0.95215311,0.962457338,0.795319608,1,0,0,1,1,0,0,0,0,0,0,0,1,0,0,0,0,0
101075,5,0,0,1,0,0,0,1,0,7,0.994582398,0.924637612,0.973120776,0.850175234,0.977166276,1,0.888243336,0.826422319,0.946474087,3,0,0,1,0,1,2,2,1,0,0,0,1,0,0,2,1,0
101156,1,0,0,0,0,0,0,0,0,1,1,0.813084112,0.908450704,0.813084112,0.897540984,1,0.90430622,1,0.790794979,1,1,1,1,0,0,0,0,0,0,0,0,0,0,0,0,0,0
101242,0,0,0,0,0,0,6,0,0,6,0.995904996,0.901285047,0.876891558,0.909153381,1,0.922070535,0.887001595,0.891191289,0.922507788,2,1,0,1,0,1,1,1,0,0,0,0,1,0,0,0,0,0
101288,21,0,0,0,0,0,0,1,0,22,0.994525986,0.893443784,0.885967612,0.891214754,0.957246647,0.888541229,0.927957808,0.88483178,0.873287178,10,6,4,7,1,4,0,6,3,0,1,0,1,0,1,0,1,0
101291,0,0,2,2,0,0,0,1,0,5,1,0.939252336,0.764788732,0.831655883,0.979508197,0.907849829,0.95215311,0.890784983,0.928166426,2,1,3,2,0,0,0,1,0,0,1,2,2,0,0,0,1,0
101301,4,0,0,0,0,0,1,0,0,5,0.98973064,0.953271028,0.959330986,0.901869159,0.926229508,0.847976597,0.920972887,0.877474403,0.892476929,3,1,1,2,0,1,1,0,0,0,0,0,0,0,0,0,0,0
101340,1,0,0,0,0,0,0,0,0,1,1,1,1,0.929906542,1,1,1,0.948805461,1,1,0,0,0,0,0,0,1,0,0,0,0,0,0,0,0,0,0
103039,4,0,1,0,0,0,0,0,0,5,0.995745746,1,0.921400626,0.907943925,0.979508197,0.94334471,0.958313397,0.830530562,0.928511656,5,0,0,2,0,0,0,1,0,0,0,0,1,0,0,0,0,0
103129,1,0,0,0,0,0,0,1,0,2,1,1,0.921361502,0.88317757,0.948770492,0.940273038,0.95215311,0.923208191,0.832635983,2,0,1,0,0,0,0,1,0,0,0,0,1,0,0,0,0,0
103209,1,0,0,0,0,0,0,0,0,1,1,1,0.873239437,1,1,0.846416382,0.880382775,1,0.76635514,0,0,0,0,0,0,1,0,0,0,0,0,0,0,0,0,0,0
103225,0,0,0,0,0,0,1,0,0,1,1,1,0.873239437,1,1,0.846416382,0.832535885,1,0.88317757,1,0,0,0,0,0,0,0,0,0,0,0,0,0,0,0,0,0
103235,0,0,0,0,1,0,0,0,0,1,1,1,0.873239437,1,1,0.778156997,1,1,1,1,0,0,0,0,0,0,0,0,0,0,0,0,0,0,0,0,0
103240,2,0,0,1,0,1,0,0,0,4,1,0.894859813,0.936619718,0.848130841,0.932669789,0.863481229,1,0.957337884,1,3,1,1,1,0,1,0,0,0,0,1,0,1,0,1,0,0,0
103396,0,2,0,1,0,0,0,0,10,13,0.99846142,0.899162684,0.891376365,0.887899282,0.975882724,0.899415857,0.924549135,0.861958519,0.855948832,7,5,1,5,0,1,0,5,0,0,1,0,1,0,0,0,0,0
103427,1,0,0,0,0,0,0,0,0,1,0.981826654,1,0.873239437,1,1,0.846416382,0.813397129,1,0.969626168,1,0,0,0,0,1,0,0,0,0,0,0,0,0,0,0,0,0
103449,0,0,1,1,0,0,0,0,0,2,1,1,1,0.811085834,0.959016393,1,1,0.846416382,1,1,0,0,0,0,0,0,1,0,0,0,0,0,0,0,0,0,0
104043,0,0,0,0,0,0,0,0,1,1,1,1,0.908450704,1,1,0.880546075,0.90430622,1,0.790794979,1,0,0,0,0,0,0,0,0,0,0,0,0,0,0,0,0,0
104115,0,0,3,0,0,0,0,0,0,3,1,1,0.751173709,0.96105919,0.965846995,0.817974972,1,0.960182025,0.96105919,1,0,2,0,0,1,0,0,0,0,0,2,0,0,1,0,0,0
104120,25,0,2,0,0,0,0,2,0,29,0.994952653,0.927570093,0.887819108,0.876968525,0.950484031,0.87901192,0.939256448,0.874236001,0.927159826,7,8,5,10,2,6,3,5,4,0,1,1,3,0,0,0,2,0
104313,3,0,2,0,0,0,0,0,0,5,1,0.976635514,0.824430534,0.91588785,0.959016393,0.877133106,0.937799043,0.914675768,0.892953506,3,0,1,1,0,0,0,1,0,0,0,0,0,0,0,0,0,0
104475,0,0,27,0,0,0,0,10,0,37,0.993510385,0.915719458,0.871965784,0.869132728,0.959207158,0.900320892,0.945691956,0.866726138,0.907087804,16,6,5,10,1,5,3,10,4,0,1,1,3,0,1,0,2,0
104521,0,0,0,1,0,0,0,0,2,3,1,1,0.873239437,0.929906542,0.959016393,0.897610922,0.960127592,0.865377323,0.92211838,2,0,0,0,0,0,0,1,0,0,0,0,0,0,0,0,0,0
104582,2,0,1,1,0,0,0,1,0,5,0.995945946,0.936573209,0.935211268,0.814305572,0.990163934,0.959044369,1,0.917724687,0.951530912,2,2,1,3,0,0,0,0,0,0,1,0,2,0,0,0,0,0
104595,0,0,0,14,0,0,0,0,10,24,0.997193257,0.91848854,0.885738668,0.859729987,0.952185792,0.898819681,0.937061404,0.869925083,0.901540307,8,7,2,8,0,4,2,7,1,0,1,0,3,0,0,0,0,0
104624,1,0,12,0,0,0,0,0,0,13,0.995674256,0.958159597,0.83799377,0.933023622,0.976355612,0.847091475,0.948380567,0.908862469,0.866803254,6,1,4,2,0,3,0,3,0,0,0,0,0,0,0,0,0,0
104683,0,0,5,0,0,0,0,0,0,5,1,1,0.86056338,0.962616822,1,0.945392491,0.933014354,0.945392491,0.844484417,3,0,1,0,0,0,0,1,0,0,0,1,0,0,0,0,0,0
104832,0,0,0,0,0,0,0,1,0,1,1,1,0.908450704,1,1,0.880546075,0.90430622,0.782095038,0.790794979,1,0,0,0,0,0,0,1,0,0,0,0,0,0,0,0,0,0
104855,0,0,16,0,0,0,0,2,0,18,0.995055998,0.963136033,0.86029485,0.903102285,0.95548725,0.870117558,0.935300372,0.943103635,0.911014003,8,2,7,6,0,5,1,2,0,0,0,0,1,0,0,0,0,0
104880,6,0,2,0,0,0,0,2,0,10,0.998855105,0.945706776,0.871150514,0.864439252,0.975409836,0.907849829,0.961722488,0.864618885,0.937958003,3,0,1,2,0,1,0,2,1,0,0,0,0,0,0,0,0,0
106052,0,4,0,1,2,0,0,0,1,8,0.997561233,0.901343458,0.844848455,0.89401146,0.951331967,0.976535836,0.979066986,0.906569966,0.985397196,1,1,1,1,0,2,0,1,0,0,0,0,0,0,0,0,0,0
106138,0,0,0,0,0,1,0,0,0,1,1,1,0.873239437,1,1,0.846416382,1,1,0.88317757,0,0,0,0,0,0,0,0,0,0,0,0,0,0,0,0,0,0
106159,9,0,0,0,0,0,1,0,0,10,0.996187658,0.93803332,0.858133803,0.822874481,0.981557377,0.88668942,0.917942584,0.912083012,0.838623809,5,1,1,4,1,0,1,2,0,0,0,0,2,0,0,0,0,0
106167,0,0,0,1,0,0,0,0,0,1,1,1,0.873239437,0.76635514,1,0.846416382,0.880382775,1,0.88317757,0,0,0,1,0,0,0,0,0,0,0,0,0,0,0,0,0,0
106186,3,0,0,0,0,0,0,1,0,4,0.995034808,0.953271028,0.911937974,0.920366044,0.928022541,0.894944539,0.976076555,0.859519746,0.853433879,2,1,0,1,0,0,0,1,0,0,0,0,0,0,0,0,0,0
106233,0,1,0,0,0,0,0,1,0,2,0.990220484,0.88989486,0.909959759,0.929906542,0.987704918,1,0.885964912,0.923208191,0.864029771,1,1,0,0,0,0,1,0,0,0,0,0,0,0,0,0,0,0
106239,0,0,0,8,0,0,0,0,5,13,0.993706642,0.947879224,0.871513474,0.875444757,0.968959162,0.976546775,0.933198381,0.843667254,0.888078842,4,2,2,4,1,1,1,3,3,0,0,0,1,1,0,0,0,0
106294,0,0,2,0,0,0,0,0,0,2,1,1,0.936619718,0.941588785,0.836065574,0.923208191,0.916267943,0.923208191,0.941588785,1,0,0,0,1,0,0,0,0,0,0,0,0,0,0,0,0,0
106320,0,0,1,0,0,0,0,0,0,1,1,1,0.908450704,0.929906542,0.897540984,0.880546075,0.90430622,1,0.790794979,1,0,1,1,0,0,0,0,0,0,0,0,0,0,0,0,0,0
106359,0,0,1,2,0,0,0,0,0,3,1,1,0.915492958,0.88317757,0.952185792,0.8407281,0.898724083,0.948805461,0.887250877,0,0,0,0,0,1,1,0,0,0,0,0,0,0,0,0,0,0
106370,3,0,0,0,0,0,0,0,0,3,1,1,0.873239437,1,1,0.897610922,0.880382775,1,0.88317757,0,0,0,0,0,0,0,0,0,0,0,0,0,0,0,0,0,0
106470,0,0,0,1,0,0,0,0,1,2,1,0.941588785,0.936619718,0.941588785,0.948770492,0.923208191,1,0.940273038,0.941588785,1,0,0,0,0,0,0,0,0,0,0,0,0,0,0,0,0,0
106479,0,0,3,0,0,0,0,0,0,3,1,1,0.663536776,0.945482866,0.965846995,0.857792947,0.928229665,1,0.852383373,1,0,3,0,0,0,0,0,0,0,0,2,1,0,0,0,0,0
106496,0,0,0,0,0,0,0,1,0,1,1,1,1,0.76635514,0.897540984,1,1,0.880546075,1,0,0,0,0,0,0,0,0,0,0,0,0,0,0,0,0,0,0
106497,0,0,1,0,0,0,0,0,0,1,1,1,0.873239437,0.76635514,1,0.846416382,1,1,0.88317757,0,0,0,1,0,0,0,0,0,0,0,0,0,0,0,0,0,0
106500,2,0,1,0,0,0,0,0,0,3,1,1,0.791079812,0.774143302,0.965846995,0.823663254,0.960127592,0.960182025,0.96105919,1,0,0,2,0,0,0,0,0,0,0,0,0,0,0,0,0,0
106505,1,0,1,0,0,0,0,0,0,2,0.991486486,1,0.841549296,0.821066978,0.948770492,1,1,0.876848692,0.987733645,0,0,0,0,0,0,0,0,0,0,0,0,0,0,0,0,0,0
106616,4,0,0,0,0,0,0,0,0,4,0.986518618,0.815576324,0.881287726,0.919751124,0.987704918,0.901877133,0.843720096,0.950483504,0.865654206,2,2,0,1,0,1,1,0,1,0,1,0,1,0,0,0,0,0
106627,0,0,1,1,0,0,0,2,0,4,0.994868532,0.935455607,0.966800805,0.864126528,0.974385246,0.961604096,0.955592105,0.940273038,0.965342679,0,0,0,1,0,0,0,0,0,0,0,0,0,0,0,0,0,0
106689,2,0,0,0,0,0,0,0,0,2,0.983845209,0.91588785,0.824823944,0.886682243,1,1,1,0.940273038,0.874299065,0,1,0,1,0,0,0,1,1,0,0,0,0,0,0,0,0,0
106721,0,0,0,1,0,0,0,0,0,1,1,0.88317757,1,0.88317757,0.897540984,1,1,0.880546075,1,0,0,0,0,0,0,0,0,0,0,0,0,0,0,0,0,0,0
106780,3,0,0,0,0,0,0,0,0,3,0.995668746,0.929906542,0.945226917,0.816978193,1,0.833902162,0.937400319,0.960182025,0.96105919,0,1,0,0,0,1,0,0,0,0,0,0,1,0,0,0,0,0
106871,0,0,3,0,0,0,0,0,0,3,0.99012474,0.889647735,0.838244854,0.893987539,1,0.948805461,0.944178628,0.971558589,0.907320872,1,1,0,1,0,0,0,0,0,0,0,0,0,0,0,0,0,0
100033,0,0,1,8,1,0,0,0,3,13,0.992791702,0.837392981,0.895324726,0.805978124,0.903332848,0.903036668,0.927278861,0.882387919,0.868682485,3,6,1,6,1,3,1,2,2,0,2,0,5,1,0,1,0,2
100053,0,0,0,13,0,0,0,0,2,15,0.994381384,0.84348235,0.901448692,0.79020757,0.950819672,0.851178287,0.959250399,0.890607224,0.920564441,4,6,1,10,0,4,1,2,0,0,4,0,5,0,1,0,0,0
100197,0,0,0,32,0,0,0,0,0,32,0.992733493,0.802156993,0.910547486,0.718150143,0.920594262,0.851944681,0.958825508,0.868975745,0.92980308,6,17,1,24,2,7,1,4,1,0,13,0,16,0,0,0,1,0
100216,0,1,1,17,0,0,0,2,2,23,0.994684956,0.826164532,0.950358674,0.751378559,0.931990972,0.896646387,0.975695167,0.820534511,0.926718135,6,11,1,16,0,5,1,6,2,0,9,0,13,0,0,0,2,0
100272,0,0,5,16,0,0,0,7,0,28,0.992712105,0.800267328,0.863831501,0.764369522,0.921108775,0.836365853,0.960213033,0.799091559,0.917902694,9,12,6,17,1,5,1,9,2,0,12,3,15,1,2,1,5,0
100308,1,0,0,0,0,0,0,0,0,1,0.950825826,0.684399712,1,0.677283998,0.718237705,0.641638225,0.687200957,0.660599166,0.696261682,0,1,0,1,0,0,1,0,1,0,1,0,1,0,0,0,1,0
100317,0,0,0,11,0,0,0,1,1,13,0.992649033,0.814742526,0.838074601,0.714073873,0.938694345,0.821644226,0.945252116,0.842128714,0.862826032,6,6,1,10,1,1,0,4,0,0,5,0,7,1,0,0,0,0
100352,0,0,0,11,0,0,0,1,4,16,0.997025936,0.84528361,0.921572681,0.792839987,0.948002049,0.899744027,0.958183812,0.819626101,0.905778291,4,7,2,10,0,3,1,4,4,0,5,0,7,0,0,1,0,1
100422,0,0,0,26,0,0,0,0,0,26,0.99340163,0.862088157,0.915577546,0.750814301,0.895116929,0.881578717,0.963079683,0.862501607,0.937082956,7,11,3,19,1,3,2,2,2,0,8,0,13,1,0,0,1,0
100535,0,0,0,1,0,0,0,0,1,2,0.990904366,0.824766355,0.825176056,0.841640706,1,0.788395904,1,0.923777019,0.845844104,0,2,0,1,0,1,0,1,1,0,0,0,1,0,0,0,0,1
100563,0,1,0,10,0,0,0,0,2,13,0.982644148,0.776601578,0.886475262,0.732680185,0.93535051,0.882843266,0.93729297,0.897220091,0.907201054,2,7,0,10,2,3,1,1,2,0,5,0,8,1,1,0,1,0
100590,0,0,0,17,0,0,0,0,5,22,0.993091925,0.757135464,0.879546852,0.727541059,0.920581561,0.864877443,0.940716978,0.816744751,0.903883253,2,14,2,17,2,6,2,3,5,0,11,0,13,1,0,2,0,3
100670,0,0,0,3,0,0,0,0,0,3,0.994646599,0.853783539,0.916862285,0.75145055,0.865489702,0.955252181,1,0.84726191,0.886907633,1,2,0,3,1,0,0,2,0,0,1,0,2,1,0,0,0,0
100696,0,0,5,9,0,0,0,7,0,21,0.990562022,0.788297373,0.847240387,0.791191552,0.923058158,0.808869077,0.956463128,0.780640901,0.93171485,6,9,3,8,0,8,0,8,1,0,7,3,7,0,2,0,3,0
100836,0,0,4,39,0,0,0,0,0,43,0.994087734,0.807484356,0.910564903,0.727038971,0.923263719,0.857432941,0.974059753,0.903800194,0.937342619,13,25,3,37,1,10,1,2,2,0,23,0,30,0,2,0,0,0
100905,0,1,1,1,0,0,0,0,0,3,0.991181456,0.856351679,0.826276176,0.812441291,0.923497268,0.813686882,0.950425306,0.914448237,0.957359813,1,0,1,0,0,1,0,0,0,0,1,1,1,0,1,0,0,0
101454,1,13,0,0,3,0,2,0,0,19,0.996702668,0.771849727,0.899156502,0.793005411,0.934210526,0.904586552,0.942902711,0.844906985,0.893150802,4,14,0,11,1,3,1,5,3,0,11,0,10,0,0,1,0,2
101494,0,0,3,14,0,20,0,4,0,41,0.993251528,0.82833703,0.850494755,0.807771202,0.949182232,0.798683455,0.96504843,0.808058143,0.9197031,14,20,5,21,0,15,3,14,1,0,11,2,14,0,9,0,8,0
101507,0,0,2,4,0,0,0,0,0,6,0.975531874,0.818895279,0.734949895,0.748459034,0.857411202,0.87258248,0.91995614,0.784518105,0.83174974,0,3,0,5,2,1,2,1,2,0,1,0,3,0,0,0,1,0
103089,0,0,0,35,0,0,0,0,1,36,0.993163985,0.832219454,0.893265094,0.754512118,0.933981924,0.866663958,0.965643275,0.832463423,0.926876183,9,15,4,24,1,2,2,7,2,0,9,0,14,0,0,0,1,0
103211,0,0,1,14,0,0,0,0,0,15,0.989130619,0.77845339,0.86389964,0.702157987,0.949180328,0.880676093,0.918553961,0.888170721,0.92121655,3,7,1,11,0,2,1,4,0,0,6,0,11,0,0,1,0,0
104260,0,0,1,14,0,0,0,0,0,15,0.994225276,0.828542906,0.937871674,0.776479359,0.900897736,0.807911014,0.977671451,0.813794145,0.971792693,4,8,0,9,0,5,1,4,0,0,5,0,6,0,3,0,1,0
104322,0,0,3,1,0,0,0,4,0,8,0.993494081,0.81611825,0.901848592,0.827601714,0.905542545,0.835750853,1,0.817898525,0.932231382,5,4,0,5,0,2,0,3,0,0,1,0,2,0,1,0,2,0
104389,0,0,1,0,0,0,0,0,0,1,1,0.696261682,0.873239437,0.695662593,1,0.846416382,1,1,0.88317757,0,1,0,1,0,0,0,0,0,0,1,0,1,0,0,0,0,0
104570,0,10,8,1,1,7,0,0,0,27,0.991215778,0.829099363,0.839474779,0.810181353,0.917974406,0.790183622,0.964823675,0.816916563,0.916313767,11,11,6,14,4,10,2,9,2,0,9,3,13,3,6,0,2,0
104660,0,1,0,5,0,0,1,4,1,12,0.993458948,0.858327429,0.925011178,0.731341415,0.917008197,0.907565415,0.968102073,0.791669098,0.93227735,4,5,1,8,0,2,1,4,1,0,4,0,6,0,0,1,3,0
104681,0,0,0,19,0,0,0,0,1,20,0.989163838,0.806717075,0.916220276,0.713211707,0.920338115,0.894368601,0.940041866,0.852886468,0.916152615,4,10,2,14,0,2,3,2,2,0,11,0,12,0,0,2,2,0
104777,0,3,1,1,2,0,0,0,0,7,0.997636373,0.805859158,0.910814889,0.792787269,0.947306792,0.880546075,0.98632946,0.820023165,0.951531843,3,4,0,4,0,1,0,2,0,0,1,0,1,0,0,0,0,0
104811,0,0,0,2,0,0,0,0,1,3,0.985972815,0.718295309,0.831991952,0.766989731,0.917349727,0.874857793,0.868155237,0.937428896,0.889667705,0,3,0,2,0,1,1,0,0,0,2,0,2,0,0,0,0,0
104955,0,0,0,3,0,0,0,0,0,3,0.989663771,0.688139742,1,0.689566967,0.890710383,0.857110353,0.909090909,0.8629124,1,1,1,0,2,0,0,0,0,0,0,1,0,1,0,0,0,0,0
104987,0,24,0,0,1,0,1,0,0,26,0.990831974,0.738646785,0.922900183,0.756984558,0.917329085,0.806955331,0.925119617,0.854012617,0.936027055,11,14,3,14,0,6,2,4,1,0,12,0,12,0,2,0,1,0
106011,0,0,0,1,0,0,0,0,0,1,1,0.696261682,0.838028169,0.696261682,1,0.812286689,1,1,0.88317757,0,1,0,0,0,1,0,0,0,0,1,0,0,0,0,0,0,0
106030,1,1,5,10,0,0,0,4,0,21,0.99058647,0.784575031,0.813814688,0.766014051,0.929254489,0.839731296,0.963716108,0.831913119,0.906790179,3,13,4,13,0,7,1,6,1,0,9,3,9,0,1,1,3,0
106104,3,6,0,3,1,0,1,1,0,15,0.993527856,0.836741889,0.904492697,0.803157223,0.924146175,0.869890027,0.96969697,0.913253697,0.926369717,3,6,0,9,1,3,0,1,0,0,5,0,6,0,0,0,1,0
106141,0,0,0,0,1,1,1,0,0,3,0.997965708,0.898753894,0.783450704,0.793671828,0.865489702,0.784603716,0.968102073,0.895173086,0.75486733,2,0,0,1,1,0,0,1,0,0,0,0,1,1,0,0,0,0
106148,1,0,0,0,0,0,0,0,0,1,1,0.76635514,0.873239437,0.76635514,1,0.846416382,1,1,0.88317757,0,1,0,1,0,0,0,0,0,0,0,0,0,0,0,0,0,0
106172,0,0,2,13,0,0,0,0,0,15,0.991776586,0.822975112,0.888564585,0.729628406,0.904704994,0.839644618,0.966188198,0.845183649,0.92784458,4,5,2,10,2,1,0,2,1,0,5,1,8,2,0,0,0,0
106302,0,0,0,1,0,0,0,0,0,1,0.963320463,0.672396529,0.836519115,0.667822722,1,0.948805461,0.812200957,0.948805461,0.838785047,0,1,0,1,0,0,0,0,0,0,1,0,1,0,0,0,0,0
106319,0,9,0,0,0,0,2,0,0,11,0.990320353,0.775839319,0.89014367,0.791804916,0.912444113,0.830902886,0.969551979,0.877502475,0.935046729,4,9,1,8,0,5,0,1,0,0,4,0,4,0,0,0,1,0
106375,0,0,2,8,0,1,0,5,0,16,0.992349426,0.848833862,0.920136444,0.77365566,0.901329012,0.859687856,0.948714115,0.765744063,0.921098567,3,6,1,9,2,2,0,5,0,0,5,0,7,1,1,0,4,0
106424,1,1,0,2,0,0,0,0,0,4,0.99469112,0.793905763,0.901995305,0.795410975,0.953893443,0.923208191,0.958133971,0.812286689,0.912383178,1,3,0,2,0,0,0,0,0,0,2,0,2,0,0,0,0,0
106565,1,0,0,0,0,0,0,0,0,1,0.99512012,0.680968564,0.838028169,0.683725254,0.995901639,1,1,0.991808874,0.856697819,0,1,0,1,0,0,0,0,0,0,0,0,0,0,0,0,0,0
106577,0,0,1,21,0,0,0,0,0,22,0.987255671,0.704436549,0.885021929,0.689734766,0.931176755,0.872205724,0.977163984,0.852996766,0.939585103,3,17,0,20,1,4,0,1,1,0,15,0,18,1,0,0,0,0
106596,0,11,0,0,0,0,4,0,0,15,0.991188376,0.773221349,0.86625802,0.7820685,0.936953552,0.814562002,0.932089314,0.841634258,0.930841121,6,11,0,9,0,6,1,4,1,0,10,0,8,0,0,0,3,0
106604,0,0,0,2,0,0,0,0,2,4,0.987559948,0.783099688,0.860291557,0.816004673,0.953893443,0.88971843,0.947966507,0.887727531,0.900116822,0,3,0,2,1,1,0,0,0,0,0,0,0,0,0,0,0,0
106611,0,0,1,4,0,0,0,0,0,5,0.991505792,0.807449148,0.852123079,0.697451493,0.907786885,0.924914676,0.927511962,0.908637438,0.891978193,0,1,1,4,1,1,0,0,0,0,1,1,3,0,0,0,0,0
106652,0,1,0,0,0,0,0,0,0,1,1,0.693787795,0.838028169,0.693002192,0.961065574,0.812286689,0.832535885,1,0.88317757,0,1,0,1,0,1,0,0,0,0,1,0,1,0,0,0,0,0
106660,0,3,0,0,0,0,0,0,0,3,0.987773488,0.688306631,0.945506372,0.686782029,0.965846995,0.982935154,0.937400319,0.800910125,0.946261682,0,3,0,3,0,0,0,0,0,0,3,0,3,0,0,0,0,0
106728,0,0,0,1,0,0,0,0,0,1,0.97972973,0.682866044,1,0.679004495,0.950819672,0.948805461,1,0.861660978,1,0,1,0,1,0,0,0,0,0,0,1,0,1,0,0,0,0,0
106748,0,0,0,1,1,0,0,0,0,2,0.996138996,0.789719626,0.936619718,0.788532251,0.892790611,0.923208191,1,0.906143345,1,1,0,0,1,1,0,0,1,0,0,0,0,1,1,0,0,0,0
106818,7,0,0,0,0,0,0,0,0,7,0.991913305,0.779205607,0.882293763,0.785543054,0.922619048,0.801560215,0.970266576,0.83516514,0.901821476,2,5,0,4,0,3,2,0,1,0,1,0,2,0,0,0,0,0
106838,6,1,1,4,0,1,0,8,1,22,0.988351135,0.813339348,0.877522046,0.792088485,0.91648814,0.858806495,0.96476729,0.774775451,0.924842006,4,13,2,12,1,6,0,9,2,0,9,1,9,0,0,0,5,1
106842,0,0,0,1,0,0,0,0,0,1,0.99512012,0.680968564,0.838028169,0.683725254,0.995901639,1,1,0.991808874,0.856697819,0,1,0,1,0,0,0,0,0,0,0,0,0,0,0,0,0,0
106868,0,1,0,0,0,0,0,0,0,1,1,0.696261682,1,0.693120882,1,0.654721274,1,0.870686386,1,0,1,0,1,0,1,0,0,0,0,1,0,1,0,0,0,0,0
106873,0,1,0,0,0,0,1,0,0,2,0.989864865,0.747975078,0.919014085,0.746044304,0.975409836,0.812286689,0.916267943,0.930830489,0.941588785,1,2,0,2,0,1,0,0,0,0,1,0,1,0,0,0,0,0
106883,0,0,0,7,0,0,0,0,0,7,0.990709126,0.803142285,0.833813143,0.783627375,0.971701795,0.857177683,0.914559125,0.883355158,0.884290165,1,4,1,6,0,2,1,1,0,0,1,0,1,0,1,0,1,0
100050,0,0,6,2,0,0,0,8,1,17,0.995093662,0.895739417,0.805612317,0.892011534,0.959619094,0.874974905,0.913171967,0.732791128,0.891834832,9,5,5,4,0,3,2,10,1,0,1,4,1,0,1,2,6,1
100235,14,0,7,0,0,0,0,28,0,49,0.992965655,0.897758917,0.8761556,0.874043125,0.944804561,0.872710176,0.951742994,0.725413411,0.921032267,20,11,7,12,0,9,0,29,1,0,2,3,1,0,4,0,15,0
100252,0,2,2,1,0,0,0,24,0,29,0.989776465,0.86186181,0.894838475,0.832849329,0.929491709,0.878590483,0.96236087,0.667463667,0.935681536,8,8,4,8,0,5,2,22,2,0,4,1,4,0,2,0,11,0
100340,4,0,2,2,0,1,0,10,0,19,0.993824895,0.884435973,0.886760304,0.864077216,0.954163072,0.874513074,0.93492823,0.718484576,0.918327152,8,6,3,5,0,4,1,11,1,0,4,2,3,0,1,0,7,0
100396,3,0,2,1,0,0,0,13,0,19,0.989691068,0.910477127,0.852186872,0.85957257,0.92125036,0.907298964,0.946764039,0.707318039,0.912634856,5,5,2,5,1,3,0,13,0,0,1,1,2,0,0,0,9,0
100538,0,0,4,2,0,4,0,11,0,21,0.995545806,0.861488045,0.893947015,0.843544775,0.93593872,0.86666642,0.961266803,0.694912359,0.914681453,8,6,4,5,0,6,1,14,1,0,3,1,2,0,1,0,7,0
100582,0,0,7,0,0,0,0,51,0,58,0.991640506,0.9056171,0.898071138,0.877836679,0.955848408,0.890612085,0.954759941,0.652333982,0.919674286,23,14,6,11,1,11,2,46,2,0,1,4,0,0,5,1,31,0
100585,2,0,0,0,0,0,0,1,0,3,0.997747748,0.895327103,0.849765258,0.796635514,1,0.960182025,0.912280702,0.648975629,0.828455141,2,1,1,2,0,1,0,2,0,0,0,0,0,0,0,0,0,0
100649,0,0,0,1,0,0,0,2,4,7,0.994572153,0.872363151,0.920187793,0.895957768,0.961943794,0.878038587,0.89747095,0.694110969,0.838243467,3,2,0,0,1,1,1,5,3,0,0,0,0,0,1,1,2,1
100711,0,0,0,0,0,0,0,1,0,1,1,0.76635514,1,0.836448598,1,0.812286689,1,0.640427172,1,0,1,0,0,0,1,0,1,0,0,0,0,0,0,0,0,0,0
100847,0,7,4,0,1,1,0,12,0,25,0.992669991,0.846336449,0.873413816,0.829376691,0.929644809,0.823358362,0.953971292,0.730260405,0.936990341,8,9,4,9,0,8,1,12,1,0,4,3,4,0,3,1,6,0
100866,0,0,0,0,0,0,0,3,0,3,1,0.92211838,0.957746479,0.898753894,0.965846995,0.926052332,1,0.584755404,0.958158996,2,0,0,0,0,0,0,3,0,0,0,0,0,0,0,0,2,0
100877,2,0,7,3,0,0,0,17,0,29,0.989870315,0.861868858,0.87862867,0.844234903,0.920318683,0.852122318,0.963248639,0.719688505,0.922284493,8,9,3,7,0,4,1,15,2,0,5,1,3,0,1,1,10,0
100881,0,0,0,0,0,0,0,1,0,1,1,1,0.908450704,1,1,0.880546075,0.90430622,0.51747854,0.790794979,1,0,0,0,0,0,0,1,0,0,0,0,0,0,0,0,1,0
101016,1,0,1,0,0,0,0,5,0,7,0.992440878,0.820037828,0.946766312,0.827467058,0.932962529,0.857874208,0.93848257,0.707860015,0.933564837,2,3,1,2,0,2,1,4,0,0,0,0,0,0,0,0,1,0
101018,0,0,3,0,0,0,0,8,0,11,0.988319693,0.88715459,0.94215749,0.849572663,0.878104819,0.868445548,0.936711614,0.707520429,0.930102061,3,1,1,1,1,1,2,5,1,0,0,0,1,0,0,1,5,0
101181,0,0,7,3,0,1,0,28,0,39,0.989634535,0.867443161,0.895802934,0.832813266,0.892531876,0.877189348,0.969862594,0.708098709,0.93687218,13,12,5,10,3,10,1,25,1,0,6,2,6,0,3,0,14,0
101343,0,0,0,1,0,0,0,11,0,12,0.995608082,0.884508048,0.896411804,0.860927694,0.971994536,0.943259386,0.958732057,0.706758743,0.916456484,6,3,1,4,0,1,0,9,0,0,1,1,1,0,1,0,4,0
103229,1,0,1,0,0,0,0,11,0,13,0.989461813,0.933253954,0.882274538,0.890600288,0.917165826,0.852467839,0.925874126,0.638732843,0.919055304,6,3,0,0,1,4,1,12,1,0,0,0,0,0,2,1,8,0
103256,0,1,6,6,0,1,0,22,1,37,0.990044839,0.85338881,0.875156041,0.850075877,0.955845043,0.855555629,0.940062072,0.698409021,0.914463254,11,12,5,13,1,11,3,24,2,0,6,2,6,0,4,1,18,0
103339,0,0,14,2,0,0,0,54,0,70,0.990291011,0.90154391,0.89389708,0.878816979,0.952015027,0.889993555,0.945790613,0.719681433,0.913738024,21,16,4,16,2,11,3,40,4,0,2,2,1,0,5,1,25,0
103441,0,0,0,0,0,0,0,7,0,7,0.997586873,0.869359146,0.90945674,0.965212876,0.983752927,0.836665041,0.93848257,0.610055124,0.920046813,2,1,0,0,0,3,0,7,0,0,0,0,0,0,1,0,3,0
103464,0,0,1,0,0,0,0,27,0,28,0.988456081,0.874135421,0.900782672,0.880996323,0.93886612,0.869106533,0.934996582,0.619200413,0.918143833,11,8,2,5,0,6,2,24,2,0,1,1,1,0,3,1,15,0
104008,0,0,1,0,0,0,0,4,0,5,0.991486486,0.782943925,0.832999245,0.844335055,0.926639344,0.877474403,0.924880383,0.631852225,0.88364486,1,1,1,2,0,0,0,3,0,0,0,1,0,0,0,0,2,0
104071,0,0,0,0,0,0,0,1,0,1,0.993243243,0.685981308,0.838028169,0.69364486,1,1,0.832535885,0.318415467,0.820093458,0,1,0,1,0,1,0,1,0,0,0,0,0,0,0,0,0,0
104122,0,0,1,4,0,0,0,8,2,15,0.986370643,0.834641745,0.891573003,0.773489647,0.92329235,0.943985048,0.948484848,0.692173627,0.87919268,5,7,2,8,1,4,1,9,2,0,3,1,4,0,1,0,3,2
104172,0,0,2,0,0,0,0,9,0,11,0.98595245,0.914868309,0.879108126,0.857503776,0.908283656,0.919950357,0.963897347,0.654986729,0.963266833,3,2,0,1,1,1,0,9,0,0,0,0,0,0,0,0,7,0
104256,0,0,2,0,0,0,0,1,0,3,0.993168168,0.92211838,0.727364185,0.88317757,0.965846995,0.857849829,1,0.702159352,0.846346054,0,1,0,0,0,1,0,1,0,0,0,0,0,0,1,0,1,0
104330,4,0,6,1,0,0,0,10,0,21,0.989960729,0.848670449,0.828507129,0.814559968,0.919594067,0.857732938,0.98632946,0.703480836,0.923472037,6,6,4,6,2,6,1,12,1,0,1,4,2,0,2,0,6,0
104360,1,0,0,0,0,0,0,3,0,4,0.997149493,0.790216121,0.927816901,0.776384038,0.979508197,0.900200071,0.958133971,0.602589551,0.925817757,2,2,0,1,0,2,0,3,1,0,0,0,0,0,1,0,2,0
104818,0,0,3,0,0,0,0,10,0,13,0.989726265,0.8605919,0.869465511,0.889396118,0.921500631,0.848149121,0.95270519,0.638903565,0.929996405,1,0,3,1,0,1,1,8,1,0,0,3,0,0,0,1,8,0
104846,0,0,5,1,0,0,0,12,0,18,0.98991028,0.861708831,0.903751784,0.86494821,0.923971615,0.874497535,0.95215311,0.692910253,0.922813594,8,5,2,4,0,4,1,12,1,0,1,1,1,0,1,0,7,0
104940,0,0,0,1,0,0,0,0,0,1,0.983108108,0.856542056,1,0.873312565,0.886270492,1,1,0.564520246,1,0,0,0,0,0,0,0,1,0,0,0,0,0,0,0,0,1,0
105008,0,0,1,1,0,0,0,5,0,7,0.993999356,0.874132176,0.842845749,0.857766496,0.961651054,0.914675768,0.915652768,0.645740317,0.933244326,1,2,0,2,0,1,1,5,1,0,1,0,1,0,0,1,3,0
106077,2,0,3,2,0,0,0,0,0,7,0.998607281,0.849176094,0.854519977,0.785710215,0.967798595,0.911262799,0.93848257,0.707354914,0.897442057,4,3,2,3,0,1,0,5,1,0,2,0,3,0,0,0,0,0
106082,1,0,0,0,0,0,0,1,0,2,0.97972973,0.862461059,1,0.871903278,0.869364754,1,0.974880383,0.715707222,1,0,0,0,0,0,0,0,1,0,0,0,0,0,0,0,0,1,0
106085,0,0,0,0,0,0,0,0,1,1,0.974420849,1,0.838028169,1,1,0.90443686,0.832535885,0.662969283,0.834890966,0,0,0,0,0,0,0,0,0,0,0,0,0,0,0,0,0,0
106216,1,0,0,0,0,0,0,1,0,2,1,1,0.936619718,0.88317757,0.928278689,0.923208191,0.85645933,0.692791891,0.824766355,0,0,0,0,0,0,1,2,1,0,0,0,0,0,0,1,1,0
106217,0,0,0,0,0,0,0,1,0,1,0.982219061,0.747403946,0.975352113,0.752886201,0.882513661,1,1,0.565941328,1,0,1,0,1,0,0,0,1,0,0,0,0,0,0,0,0,1,0
106275,1,0,2,1,0,0,0,4,0,8,0.997582141,0.833768984,0.870378521,0.842088302,0.984375,0.857081911,0.985047847,0.735605542,0.985397196,5,1,1,1,0,1,0,4,0,0,1,0,1,0,1,0,3,0
106297,0,0,0,0,0,0,0,6,1,7,0.994371063,0.892352767,0.90331992,0.874871593,0.921740827,0.895173086,0.900888585,0.728563241,0.897837284,2,2,0,2,0,1,0,3,0,0,0,0,0,0,0,0,1,0
106304,0,0,0,0,0,0,0,0,1,1,0.993806306,1,0.816901408,1,1,1,0.832535885,0.653954593,0.88317757,0,0,0,0,0,1,1,1,0,0,0,0,0,0,0,0,0,0
106385,0,0,0,0,0,0,0,12,0,12,0.99618994,0.916407061,0.904468478,0.921269724,0.93954918,0.873449943,0.966746411,0.603479833,0.909378842,5,1,0,1,1,1,0,11,0,0,0,0,0,0,1,0,5,0
106414,2,0,0,0,0,0,0,1,0,3,0.977185519,0.798263782,0.994522692,0.803448248,0.900614754,0.880546075,0.895733652,0.651956157,0.898753894,1,1,0,1,0,0,1,2,1,0,1,0,1,0,0,0,2,0
106605,0,0,8,1,0,0,0,5,0,14,0.989093442,0.829049844,0.791147285,0.845764226,0.910275176,0.834774611,0.960241513,0.65593509,0.937221851,2,4,4,3,0,4,0,8,1,0,3,3,2,0,1,0,4,0
106625,0,0,0,0,0,0,0,6,1,7,0.986758423,0.834205925,0.971914822,0.839462718,0.897833724,0.844506745,0.976076555,0.706342849,0.976635514,2,3,0,1,0,4,0,4,0,0,1,0,1,0,0,0,2,0
106651,0,0,0,0,0,1,0,7,0,8,0.996319981,0.837057048,0.901848592,0.838054907,0.961577869,0.805209797,0.993720096,0.694350059,0.932827103,3,3,0,1,0,4,0,6,0,0,0,0,0,0,1,0,2,0
106667,0,0,1,0,0,0,0,5,0,6,0.983253641,0.824545691,0.784242415,0.823181963,0.979508197,0.920477816,0.913556619,0.499830335,0.873039052,2,4,1,3,0,1,0,6,0,0,1,1,0,0,0,0,3,0
106694,0,0,0,0,0,1,0,0,0,1,1,0.696261682,1,0.692367601,1,0.605802048,1,0.604744027,1,1,1,0,1,0,1,0,1,0,0,0,0,0,0,1,0,1,0
106805,0,0,0,2,0,0,0,0,1,3,0.988151195,0.820872274,0.95129108,0.835290405,0.924863388,0.751801289,1,0.691429219,0.96105919,0,1,0,1,0,2,0,2,0,0,1,0,1,0,0,0,0,0
106828,0,0,0,0,0,0,0,2,0,2,1,0.815809969,1,0.81921729,1,1,1,0.534125901,1,0,0,0,0,0,0,0,2,0,0,0,0,0,0,0,0,1,0
106835,1,6,4,0,0,0,2,7,0,20,0.980976635,0.827043836,0.869995028,0.879717804,0.955396175,0.830402446,0.937085327,0.724414315,0.929791389,6,8,4,4,0,7,1,10,3,0,2,1,1,0,1,1,4,1
106836,2,0,0,0,0,0,0,2,0,4,0.992065838,0.758966121,0.872359155,0.796585864,0.907786885,0.854308874,0.958133971,0.627761795,0.942757009,0,3,0,2,0,2,0,2,0,0,0,0,0,0,0,0,1,0
106843,3,0,4,1,1,0,0,23,0,32,0.985894181,0.87333163,0.894637738,0.85494745,0.925238877,0.891252611,0.925463517,0.672789963,0.924011703,4,8,1,8,3,10,1,22,3,0,0,0,1,1,1,0,12,0
106884,0,0,0,0,0,0,0,1,0,1,0.966216216,0.773831776,1,0.77978972,0.788251366,0.638225256,1,0.527576218,1,0,1,0,1,0,0,0,1,0,0,0,0,0,0,0,0,1,0
100207,0,0,0,22,0,0,0,0,0,22,0.992345029,0.903063681,0.890427794,0.870250179,0.947466468,0.921811976,0.957590257,0.84613954,0.915135992,8,9,2,10,0,4,1,3,2,0,0,0,0,0,0,0,0,0
100249,0,0,4,0,0,0,0,72,0,76,0.995967097,0.913803609,0.916266265,0.879220158,0.949094047,0.897942488,0.939666151,0.782526157,0.922506888,28,14,7,17,1,13,4,36,5,0,5,2,4,0,4,1,13,0
100291,4,0,0,1,0,0,0,0,0,5,0.998108108,0.807343124,0.872462045,0.826188993,0.975409836,0.931740614,1,0.79221843,0.913726636,2,3,0,2,0,1,0,0,0,0,2,0,2,0,0,0,0,0
100323,2,0,5,0,0,0,0,5,0,12,0.99482587,0.866390836,0.759341239,0.911487539,0.958447177,0.80006669,0.957336523,0.767551437,0.972831046,4,4,2,1,0,4,0,8,0,0,0,2,0,0,1,0,4,0
100468,6,0,1,2,0,0,1,3,0,13,0.996073692,0.936915888,0.875556759,0.88036185,0.925,0.916776057,0.965587045,0.849186228,0.944057585,5,2,3,6,1,3,1,2,0,0,0,1,0,0,0,0,1,0
100473,0,0,0,0,0,4,0,0,0,4,0.984768173,0.900700935,0.927816901,0.906542056,0.953893443,0.780655778,0.925837321,0.899744027,0.919587227,2,0,0,2,0,2,2,0,0,0,0,0,0,0,0,0,0,0
100477,0,0,1,0,0,0,0,1,0,2,0.996948561,1,0.844190141,0.690507742,0.798234552,0.932878271,1,0.825694783,0.826011158,2,0,1,2,1,0,0,1,0,0,0,0,2,1,0,0,0,0
100586,7,0,1,0,0,0,0,5,0,13,0.993874681,0.838877081,0.785510935,0.861262844,0.972047079,0.873588868,0.89749724,0.81512588,0.912023724,1,7,0,4,0,4,1,5,1,0,1,0,1,0,0,1,3,0
100636,0,13,0,1,5,0,16,0,0,35,0.992082695,0.89558856,0.901453622,0.856104193,0.913261124,0.900731351,0.941500911,0.843842889,0.92715985,9,11,1,13,2,4,2,9,4,0,5,0,6,0,0,0,2,0
100664,0,0,13,0,0,0,0,4,0,17,0.991442221,0.927180685,0.783172062,0.905282206,0.986981678,0.852037743,0.94413172,0.809885809,0.9096331,4,3,6,4,0,5,1,8,1,0,0,3,1,0,2,0,3,0
100668,2,0,0,0,0,0,0,0,0,2,0.994510135,0.848130841,0.835974178,0.906542056,0.895491803,1,1,0.832764505,0.941588785,0,1,0,0,0,1,0,1,0,0,0,0,0,0,0,0,0,0
100678,19,0,0,0,0,0,0,1,0,20,0.995074774,0.852720547,0.910852063,0.825395907,0.947131148,0.92440273,0.94569378,0.813678913,0.9456935,5,7,1,9,0,3,2,6,0,0,2,0,3,0,0,1,2,0
100741,0,0,9,3,0,0,0,11,0,23,0.992069599,0.927942571,0.802541148,0.877245985,0.943253468,0.844709517,0.930309965,0.752314768,0.905577439,11,5,9,6,1,8,1,13,1,0,1,7,3,1,4,1,8,0
100756,0,5,1,0,7,0,0,0,0,13,0.996104271,0.870750745,0.887703142,0.82701311,0.881474925,0.917213617,0.983437615,0.876474008,0.93389941,4,4,2,6,1,2,0,2,0,0,3,1,4,1,0,0,0,0
100764,0,0,13,0,0,0,0,5,0,18,0.996243267,0.901531672,0.771142123,0.909808757,0.963456284,0.855837753,0.921070353,0.815430787,0.926072203,7,3,5,2,0,5,2,8,2,0,0,3,0,0,2,1,2,0
100775,1,0,11,1,0,12,0,10,0,35,0.992007558,0.936241656,0.877067853,0.895051709,0.943647541,0.893563869,0.938317384,0.840705369,0.928133627,12,4,5,8,1,7,4,12,1,0,1,2,2,0,1,0,6,0
100869,0,0,5,0,0,0,0,5,0,10,0.986927211,0.94661215,0.878375682,0.887921814,0.929303279,0.902389078,0.941076555,0.807688962,0.935070093,4,1,1,1,1,2,0,3,0,0,0,0,1,0,0,0,3,0
100928,15,0,1,0,0,0,0,16,0,32,0.994685531,0.916164676,0.91988476,0.88332654,0.956849812,0.906425219,0.950373804,0.736382556,0.923649416,15,4,3,6,0,2,1,16,1,0,1,1,2,0,1,1,13,0
101078,0,1,3,0,0,1,0,3,1,9,0.993978628,0.870593713,0.852457181,0.854886597,0.961672738,0.890026545,0.934343434,0.82668414,0.894139397,2,3,1,4,0,1,0,3,2,0,1,1,2,0,1,0,2,1
101094,1,0,2,6,0,1,0,2,3,15,0.987312312,0.861284457,0.872642335,0.8396301,0.937431694,0.904687144,0.892317916,0.779238468,0.860366336,5,6,1,8,2,2,1,5,2,0,3,1,6,0,0,1,2,2
101153,22,0,6,1,0,2,0,18,0,49,0.98636932,0.85908662,0.891023905,0.845125643,0.923476358,0.87711619,0.939467174,0.809195792,0.905426841,4,17,4,20,3,9,5,12,4,0,6,1,8,0,0,0,5,0
101206,0,0,5,0,0,0,0,17,0,22,0.987535987,0.861442254,0.850648949,0.869474084,0.954545455,0.867567927,0.930730753,0.83041003,0.926658699,7,5,4,6,0,5,3,8,1,0,1,2,1,0,0,1,2,1
101222,5,0,6,1,0,3,0,14,0,29,0.9939998,0.873452454,0.834305868,0.857058109,0.938713021,0.846834177,0.957350272,0.752556326,0.930337886,7,8,7,7,2,10,0,15,1,0,1,4,1,0,4,0,6,0
101275,0,0,0,1,0,0,0,2,0,3,0.988198198,0.92211838,0.937323944,0.80576324,0.887636612,0.982935154,0.923444976,0.753128555,0.935046729,0,1,0,1,1,0,0,1,0,0,0,0,0,0,0,0,1,0
101310,0,1,0,0,1,0,1,0,0,3,0.995045045,0.875389408,0.897652582,0.892523364,0.93852459,0.806598407,0.888357257,0.76128176,0.96105919,0,1,0,0,0,1,0,1,0,0,0,0,0,0,1,0,1,0
101436,7,0,1,0,0,12,0,22,0,42,0.995645504,0.864256113,0.917593089,0.850630395,0.941647151,0.901504686,0.970752639,0.826993739,0.941525076,8,15,3,11,2,7,2,10,3,0,5,0,5,0,2,1,2,1
101465,10,1,9,0,0,0,0,12,0,32,0.990193019,0.866758209,0.915419426,0.85543122,0.955034671,0.881790387,0.93435631,0.851659849,0.899807017,11,11,0,10,1,6,3,5,3,0,3,0,3,0,1,1,0,1
101467,14,0,0,0,0,0,0,0,0,14,0.991692854,0.885400772,0.858138481,0.842350631,0.909762881,0.87134731,0.949111415,0.864307384,0.90645775,6,4,3,5,1,3,1,2,0,0,2,1,4,0,0,0,0,0
101493,0,0,3,4,0,0,0,4,1,12,0.991968531,0.856159944,0.850704225,0.820891715,0.912980988,0.877749336,0.990031898,0.787679142,0.927218228,2,5,1,4,0,0,0,3,1,0,3,1,2,0,0,0,1,1
101497,0,0,0,0,0,0,0,0,3,3,0.981668643,0.828660436,0.895707579,0.894859813,0.93852459,0.874857793,0.848484848,0.882555935,0.790238837,0,2,0,1,0,0,1,0,2,0,0,0,0,0,0,1,0,1
103020,3,0,4,0,0,0,0,6,0,13,0.988236184,0.880853103,0.805527868,0.903920612,0.915037831,0.805705785,0.94902466,0.76550844,0.962347232,3,1,3,0,0,4,0,5,0,0,0,3,0,0,1,0,5,0
103048,0,0,2,0,0,0,0,4,0,6,1,0.92211838,0.903755869,0.848130841,0.982923497,0.911831627,0.95215311,0.741183163,0.938688591,3,1,1,3,0,0,0,3,0,0,0,0,1,0,0,0,1,0
103084,4,0,0,1,0,0,0,0,0,5,0.998648649,0.937196262,0.898591549,0.835925234,1,0.914675768,0.923444976,0.754468076,0.898813201,3,1,0,2,0,1,0,2,0,0,0,0,1,0,0,0,0,0
103104,0,0,6,12,0,1,0,18,0,37,0.988828167,0.846408988,0.892687549,0.820661304,0.937409373,0.860318957,0.944937282,0.76324525,0.929951828,10,11,6,16,2,10,3,14,1,0,8,1,13,1,2,1,10,0
103236,0,0,9,0,0,1,0,19,0,29,0.996757872,0.933660973,0.873247674,0.890875399,0.989400791,0.911115111,0.960251334,0.750739295,0.90818048,12,5,7,6,1,5,2,18,1,0,0,2,0,0,1,0,3,0
103271,3,0,3,0,0,0,0,8,0,14,0.992053193,0.942873832,0.910798122,0.888420672,0.915459114,0.863968796,0.945659604,0.777316845,0.958277704,5,3,2,3,0,2,1,6,1,0,0,0,0,0,0,1,3,0
103328,0,0,1,1,1,0,0,2,0,5,0.985648649,0.914719626,0.921126761,0.894937695,1,0.870307167,0.944019139,0.777787258,0.929887968,1,0,1,0,0,0,0,1,0,0,0,0,0,0,0,0,1,0
103349,0,0,2,0,0,1,0,1,0,4,0.998776794,0.86291618,0.878935377,0.804024414,0.974385246,0.829778157,0.934210526,0.878412969,0.918493137,3,2,0,3,0,1,0,1,0,0,1,0,1,0,1,0,0,0
104001,34,0,1,0,0,0,0,0,0,35,0.995673535,0.883293598,0.897317514,0.85935424,0.932196526,0.913091175,0.958643199,0.834296238,0.932352115,10,10,4,12,0,8,3,8,1,0,1,0,2,0,0,0,1,0
104030,5,0,6,0,0,0,1,27,0,39,0.992125681,0.918495886,0.914022466,0.893945346,0.956686983,0.871376481,0.947669509,0.783966666,0.940756031,13,6,5,4,0,11,2,18,1,0,1,0,2,0,2,1,9,0
104126,3,0,0,0,0,0,0,2,0,5,0.990540541,0.906542056,0.963380282,0.836448598,0.979508197,0.914675768,0.980861244,0.808631509,0.851112501,1,2,1,2,0,1,0,3,0,0,0,0,0,0,0,0,0,0
104130,32,2,0,0,0,0,1,1,0,36,0.993635895,0.914263422,0.920248711,0.903934469,0.935621585,0.89133959,0.950937555,0.857860241,0.923711073,10,6,2,8,2,5,2,9,2,0,2,0,2,0,0,1,1,1
104182,0,0,5,0,0,0,0,14,0,19,0.997918306,0.904820462,0.89729334,0.894681663,0.935181191,0.857230106,0.935784437,0.755006725,0.914757272,6,2,3,3,1,3,1,8,3,0,1,2,0,0,1,1,1,0
104370,0,0,6,0,0,0,0,2,0,8,0.993355633,0.940303738,0.840895614,0.912923924,0.90727459,0.850767918,0.950119617,0.799185797,0.918493137,3,0,3,1,1,1,0,3,1,0,0,2,1,0,1,0,2,0
104386,8,0,3,0,0,0,0,12,0,23,0.994188084,0.883645072,0.89601325,0.856367304,0.952972796,0.901914231,0.941004596,0.753657804,0.927872081,6,5,2,6,0,2,2,10,2,0,1,0,1,0,0,1,8,0
104702,1,0,0,1,0,0,0,4,1,7,0.996121428,0.842419522,0.94896522,0.804120139,0.972482436,0.938078986,0.965083162,0.755800964,0.890162372,2,0,0,1,0,0,0,3,1,0,1,0,1,0,0,0,1,0
104743,0,0,0,0,0,0,8,5,0,13,0.99439812,0.948867721,0.913732394,0.868080518,0.952711223,0.920526572,0.927922954,0.763427207,0.917303544,4,1,0,1,1,1,2,6,1,0,0,0,0,0,0,1,2,0
104755,3,0,4,15,0,0,0,10,2,34,0.994371565,0.880951754,0.890214099,0.807877213,0.93846432,0.876018614,0.948156487,0.798418068,0.928328505,12,12,4,16,0,5,3,11,2,0,8,3,12,0,2,1,4,0
104861,31,0,0,0,0,0,0,0,0,31,0.99530363,0.907482378,0.909575884,0.868074719,0.936387273,0.923593526,0.942365077,0.862761079,0.919066665,8,8,2,7,2,4,4,7,2,0,1,0,1,0,0,0,0,0
104928,0,0,17,4,0,0,0,5,0,26,0.99382953,0.876954529,0.809606212,0.863466254,0.980296343,0.87786742,0.939903846,0.855746905,0.893539914,8,9,6,13,0,4,2,7,3,0,1,4,0,0,3,0,3,0
105014,20,0,7,1,0,1,0,14,0,43,0.996035162,0.888006231,0.886429477,0.853623125,0.960255433,0.893959838,0.93424489,0.822529401,0.926956131,9,11,3,11,1,8,4,15,2,0,3,0,5,0,1,1,3,0
106005,6,0,5,1,0,0,0,7,0,19,0.996812978,0.934294506,0.889615646,0.86642205,0.922427739,0.890904736,0.951932763,0.842772296,0.935933664,4,2,2,3,0,2,1,4,1,0,1,1,3,0,1,0,0,0
106047,15,0,1,0,0,2,0,0,1,19,0.994007504,0.942326611,0.912688411,0.892843089,0.905468076,0.869768277,0.963485268,0.826264894,0.934877863,6,1,1,5,0,2,1,5,0,0,0,0,1,0,0,0,1,0
106115,0,0,1,2,0,0,0,0,0,3,0.97784819,0.796042872,0.870892019,0.936266874,0.93852459,0.879408419,0.927432217,0.757272636,0.95288162,2,2,0,0,0,1,0,2,0,0,0,0,0,0,0,0,0,0
106178,1,0,1,1,0,0,0,3,1,7,0.995130654,0.909740765,0.857344064,0.894287622,0.955503513,0.886901259,0.91114149,0.846103757,0.90987984,2,2,1,2,0,3,1,2,0,0,0,1,0,0,2,0,1,0
106195,0,0,0,1,0,0,0,1,0,2,1,0.88317757,0.873239437,0.88317757,1,0.889078498,1,0.78668942,1,1,0,0,1,0,0,0,1,0,0,0,0,0,0,0,0,1,0
106314,0,7,3,1,1,0,3,8,0,23,0.993930147,0.896468238,0.903902613,0.85906939,0.959328225,0.935450364,0.916788017,0.768592345,0.94088212,9,4,2,6,0,2,3,9,2,0,3,1,5,0,1,3,5,0
106365,39,0,2,0,0,0,0,2,0,43,0.995146451,0.894513708,0.890217697,0.859899673,0.956157072,0.884328499,0.955379993,0.893636799,0.921650253,10,11,2,16,2,4,0,3,0,0,4,0,4,0,1,0,2,0
106374,6,0,2,0,0,0,0,13,0,21,0.996812738,0.920536561,0.911741281,0.875823629,0.963895394,0.916363292,0.96388699,0.753328675,0.935175694,7,4,2,3,0,4,0,10,0,0,0,0,0,0,1,0,4,0
106413,0,0,0,0,5,0,0,0,0,5,0.996190476,0.88411215,0.907042254,0.845794393,0.856557377,0.860750853,1,0.812286689,1,2,2,1,2,0,0,1,0,0,0,0,0,0,0,0,0,0,0
106512,2,1,1,1,0,0,0,3,0,8,0.991288007,0.866259179,0.920879443,0.887141382,0.953893443,0.821062896,0.908791866,0.834943461,0.941569315,0,2,1,1,0,4,0,2,0,0,0,0,0,0,0,0,1,0
106515,0,0,1,0,0,0,0,0,0,1,1,0.76635514,0.873239437,1,1,0.778156997,0.880382775,1,1,1,0,0,0,0,0,0,0,0,0,0,0,0,0,0,0,0,0
106542,0,0,1,7,1,0,0,0,1,10,0.991609081,0.880589776,0.917676056,0.845246141,0.920081967,0.877730375,0.966507177,0.787517168,0.976635514,3,3,1,4,0,5,0,6,0,0,2,0,2,0,0,0,0,0
106588,0,0,9,0,0,0,0,12,0,21,0.991115675,0.889383993,0.869810254,0.88893566,0.951697892,0.88926694,0.926520848,0.8191032,0.942126539,6,8,2,6,1,6,2,7,1,0,0,1,0,0,2,0,2,0
106644,0,3,2,8,5,0,2,0,3,23,0.993326762,0.848372105,0.921529418,0.880168951,0.907475053,0.900016959,0.938360724,0.822966838,0.934359339,10,7,0,4,1,6,3,6,2,0,2,0,2,0,1,0,0,0
106672,3,0,0,0,0,0,0,1,2,6,0.987557038,0.893190921,0.873107394,0.846010337,0.93852459,0.852787258,0.905701754,0.909112503,0.939252336,1,0,1,1,0,2,0,1,2,0,0,0,0,0,0,0,0,0
106677,4,0,1,1,0,4,0,3,0,13,0.992331424,0.849414604,0.908285181,0.844913731,0.908575032,0.906012077,0.987118145,0.747989771,0.955068296,5,3,2,3,0,4,0,8,0,0,0,1,0,0,0,0,1,0
106691,0,0,1,3,0,1,0,1,2,8,0.989036861,0.798884624,0.925273865,0.84928579,0.915471311,0.817064846,0.966507177,0.747151773,0.970794393,4,4,0,1,0,4,0,3,0,0,0,0,0,0,0,0,0,0
106796,0,0,0,5,0,0,0,0,2,7,0.980932463,0.933244326,0.916532529,0.865003555,0.913446526,0.806171206,0.976076555,0.765311334,0.948367054,0,1,1,1,0,3,0,2,2,0,0,0,0,0,1,0,2,0
106816,6,0,1,0,0,0,0,1,0,8,0.993320999,0.850418614,0.868615338,0.83911361,0.929644809,0.797269625,0.907446172,0.78998464,0.956191589,4,3,1,2,0,3,1,2,1,0,0,1,1,0,1,0,0,0
106862,18,0,0,0,0,0,0,0,0,18,0.986502856,0.84205674,0.891974389,0.830257068,0.886797621,0.89051953,0.954279638,0.817520205,0.931931464,3,7,0,7,3,3,0,7,0,0,1,0,2,1,0,0,2,0
106877,0,0,1,0,0,0,0,0,1,2,0.981159044,0.88317757,0.779411765,0.864680685,1,0.732764505,0.909489633,0.896331058,0.933800623,1,1,0,1,0,0,0,0,0,0,0,0,0,0,0,0,0,0
