PNL,q1,q2,q3,q4,q5,q6,q7,q8,q9,q10,q11,q12,q13,q14,q15,q16,q17,q18,q19,q20,q21,q22,q23,q24,q25
502,4,4,3,2,2,3,2,2,2,2,4,1,5,2,1,4,4,2,2,2,1,1,5,3,4
12002,3,3,3,3,3,2,3,3,3,3,3,3,3,3,2,3,3,3,3,3,3,3,3,3,3
13302,3,3,3,3,3,3,3,3,3,3,3,3,3,3,3,3,3,3,3,3,3,3,3,3,3
19541,3,4,3,2,1,3,2,2,2,3,2,4,3,4,2,3,3,2,3,3,5,4,2,1,3
19848,3,4,3,1,3,3,3,3,3,3,3,4,4,3,3,3,3,3,3,3,3,3,3,3,3
20299,3,3,3,3,3,3,3,3,3,3,3,3,3,3,3,3,3,3,3,3,3,3,3,3,3
22576,4,4,4,4,4,3,3,2,3,3,4,4,4,4,3,3,3,4,4,3,2,2,3,2,4
24832,4,4,3,2,3,3,3,3,3,3,4,3,3,3,3,3,3,4,4,3,3,3,3,4,3
25957,3,4,4,3,4,2,3,3,3,2,3,3,4,2,2,3,3,3,3,2,2,2,3,2,4
26970,4,4,3,3,4,4,2,4,4,4,4,4,4,4,4,3,3,3,3,3,3,3,3,3,4
28190,3,3,3,3,3,3,3,3,3,3,3,4,3,3,3,3,3,3,3,3,3,3,3,3,3
29618,2,3,3,2,2,3,3,3,3,2,3,2,2,3,3,3,2,3,3,2,3,2,3,3,3
35247,4,4,4,2,3,4,3,3,3,4,3,3,4,2,2,2,2,2,2,2,2,2,2,2,4
35305,4,4,4,3,3,3,3,3,3,3,3,4,4,4,2,3,3,3,3,2,2,3,2,2,3
36672,4,4,4,4,4,3,3,3,3,3,4,3,3,3,3,3,3,3,3,3,3,3,3,3,4
37167,3,4,3,3,4,3,2,2,2,2,4,4,4,4,2,4,3,4,4,3,3,4,4,2,3
37176,3,3,3,3,2,3,3,3,3,4,4,4,4,3,3,3,3,3,4,3,3,3,4,3,4
50586,3,3,3,3,3,3,3,1,1,1,3,1,3,3,3,3,3,3,3,2,2,3,3,3,4
50743,4,3,3,3,3,4,3,3,3,2,4,3,3,3,3,4,4,4,4,3,2,3,3,3,4
51041,3,4,3,2,3,3,3,2,3,3,3,3,3,3,3,3,3,3,3,3,3,3,3,1,4
52741,4,4,4,3,2,3,3,2,3,3,4,2,3,3,2,2,2,3,3,3,2,3,3,3,3
73004,3,3,3,2,2,3,2,2,2,1,2,2,3,2,2,3,2,2,2,3,3,2,3,3,3
74256,1,4,4,1,1,1,1,1,1,1,1,3,1,1,1,1,3,1,1,1,1,1,1,1,3
83809,3,3,3,2,3,3,3,3,3,2,2,2,3,3,2,3,3,3,3,3,3,3,3,3,2
87189,3,4,3,3,4,3,3,3,4,4,3,4,4,4,3,4,4,4,4,3,3,4,3,3,4
99248,4,4,3,3,4,3,3,3,3,3,3,3,4,2,2,2,2,2,2,2,2,2,2,2,3
107588,3,3,3,3,3,3,3,3,3,3,3,3,3,2,2,4,3,3,3,3,3,3,4,3,3
117578,3,3,3,3,3,2,2,2,2,2,3,1,3,2,2,2,2,2,2,2,2,1,2,1,3
131656,4,4,4,4,4,4,4,4,4,4,4,4,4,4,4,4,4,4,4,4,2,4,4,2,4
136658,3,3,3,3,3,3,3,4,3,4,4,3,4,4,4,4,4,4,4,3,3,3,4,3,3
146839,3,4,3,2,4,3,3,3,3,3,3,3,4,3,3,4,3,2,3,3,3,3,4,3,4
168260,3,3,3,3,3,3,3,3,3,3,3,3,3,3,3,3,3,3,3,3,3,3,3,3,4
168759,4,4,4,2,3,3,3,2,3,3,3,3,4,3,2,3,4,3,3,2,2,2,3,2,4
174421,4,3,3,3,3,3,3,3,3,3,3,3,3,3,3,3,3,3,3,3,2,3,3,3,3
179627,3,3,3,3,3,3,1,1,1,1,3,3,3,3,3,3,3,3,3,3,3,3,3,3,3
188957,4,4,3,3,3,3,2,2,2,2,4,3,4,4,3,3,3,3,3,3,3,3,3,3,4
190101,3,4,4,3,3,3,3,3,3,3,3,3,4,2,2,3,3,3,3,3,3,3,3,3,4
192347,3,4,4,2,4,3,3,3,3,3,3,2,4,3,2,3,3,3,3,2,2,3,3,2,4
219343,4,4,4,4,4,3,3,3,3,3,3,3,4,4,3,3,3,4,4,3,3,3,3,3,4
227364,2,2,2,2,2,2,2,2,2,2,3,2,2,2,2,3,2,3,3,3,3,3,3,3,2
230848,4,4,4,3,3,3,3,3,3,3,4,3,3,3,3,3,3,3,3,3,3,3,3,3,3
231444,2,2,2,2,2,2,2,2,2,2,2,2,3,2,2,2,2,2,2,2,2,2,2,2,3
233825,4,4,4,4,2,2,2,2,2,2,4,2,2,3,3,2,4,4,3,1,1,2,4,1,4
253448,3,4,3,3,3,4,3,3,3,3,4,2,3,3,3,3,3,3,3,1,2,3,3,3,3
270974,3,3,3,3,3,3,3,3,3,3,3,3,3,3,3,3,3,3,3,3,3,3,3,3,3
271050,4,4,4,4,4,3,3,3,3,3,4,3,4,3,3,4,4,4,4,4,4,4,4,3,4
278187,3,4,4,2,2,2,1,1,1,1,4,1,2,2,1,3,3,3,2,1,1,1,4,1,5
278270,4,4,4,4,4,4,4,4,4,4,4,4,4,3,3,3,3,4,4,3,3,3,4,4,4
278357,3,4,5,2,4,3,3,3,3,4,3,4,4,3,2,3,3,3,4,3,1,3,3,3,4
282951,1,3,1,1,1,3,1,1,1,1,3,1,4,1,1,1,1,1,1,1,1,1,3,1,4
286843,3,3,3,3,3,3,3,3,3,3,3,3,3,3,3,3,3,3,3,3,4,4,3,3,3
293816,4,3,3,3,3,4,3,3,3,3,4,3,3,3,3,3,3,3,3,3,3,3,3,3,4
298581,4,4,3,3,3,2,2,2,2,2,3,2,3,3,3,3,3,3,3,3,3,3,3,3,3
299549,4,4,4,4,4,2,2,2,2,3,2,2,2,2,2,2,2,2,2,2,2,2,2,2,2
300017,3,3,3,3,3,3,3,3,3,3,4,3,3,4,4,3,3,3,4,3,3,3,3,3,3
302964,3,3,3,3,3,3,3,3,3,3,3,3,3,3,3,3,3,3,3,1,1,3,3,1,3
304855,2,3,3,3,3,3,3,2,3,3,2,3,4,3,3,3,3,3,3,3,3,3,3,3,3
306111,4,4,4,4,4,2,2,2,2,1,3,3,4,1,1,2,2,2,2,2,2,2,2,2,2
310358,4,4,4,3,4,4,4,4,4,4,4,4,4,4,3,4,4,4,4,4,4,4,4,3,4
310459,3,4,3,2,3,3,3,3,3,3,4,4,5,2,2,3,5,3,4,3,3,3,4,3,5
311228,3,3,3,3,3,3,3,3,3,4,3,3,3,4,2,3,3,3,3,3,2,3,3,3,4
315325,4,4,4,3,4,3,4,4,4,4,4,4,4,4,3,4,4,4,4,3,3,4,4,3,4
315376,4,4,3,2,3,3,3,3,3,3,4,3,4,3,3,2,4,4,3,2,2,2,4,2,4
315474,4,4,4,2,3,3,3,3,3,3,4,3,3,2,2,3,3,3,3,2,1,3,4,3,4
317309,3,5,3,2,3,3,3,3,3,3,3,3,4,3,3,3,3,3,3,3,3,3,3,3,4
317363,4,4,4,2,4,3,3,3,3,4,4,4,5,3,3,3,4,4,4,2,2,3,3,3,5
317636,3,4,4,2,4,3,3,3,3,3,3,3,2,2,3,3,3,3,3,3,3,3,3,3,4
317715,4,4,4,3,4,4,4,4,4,2,4,4,4,4,2,4,4,4,4,4,4,4,4,2,4
318457,3,4,3,2,3,3,3,3,3,3,3,3,3,3,3,3,3,3,4,3,2,3,3,3,4
318829,4,3,3,3,3,3,3,3,3,3,3,3,3,3,3,3,3,3,3,3,3,3,3,3,3
319685,4,4,4,3,4,3,3,3,3,3,4,3,4,3,3,2,4,4,4,2,1,2,4,2,4
319787,3,4,4,2,4,3,3,3,3,3,3,3,4,4,3,3,4,3,4,3,3,4,3,2,4
320125,3,3,3,3,3,3,3,3,3,3,3,3,3,3,3,3,3,3,3,3,3,3,3,3,3
320442,4,3,3,3,3,3,3,4,3,3,4,4,3,1,1,3,2,2,2,3,3,3,4,3,3
322348,2,2,2,2,2,2,2,2,2,2,2,2,2,2,2,2,2,2,2,2,2,2,2,2,2
326060,3,3,3,3,3,3,3,3,3,3,3,3,3,3,3,3,3,3,3,3,3,3,3,3,3
332002,4,4,4,4,4,4,3,3,3,4,4,3,3,3,3,3,3,4,4,3,3,3,4,3,4
332737,3,3,3,3,3,3,3,3,3,3,3,3,3,3,3,3,3,3,4,3,3,3,3,3,3
333844,4,4,4,2,3,3,3,3,3,3,4,3,4,3,3,3,3,3,3,3,3,3,4,3,4
335783,3,3,3,3,3,3,3,3,3,3,3,3,3,3,3,2,3,3,3,2,2,3,3,3,4
337889,4,4,3,3,4,3,2,4,4,4,4,4,4,4,2,3,3,3,4,2,2,4,4,2,4
342180,3,3,3,3,3,3,3,3,3,3,3,3,3,3,3,3,3,3,3,3,2,3,3,3,3
501158,3,4,4,4,4,3,3,3,3,2,4,4,3,2,2,3,3,3,3,3,3,3,3,3,4
507475,3,3,2,2,3,2,3,3,3,3,3,2,4,3,2,4,3,3,3,3,2,3,4,2,4
513888,4,4,4,3,4,1,3,3,3,3,4,4,4,3,3,4,4,4,4,3,3,3,3,3,4
518908,3,3,3,3,3,3,3,3,3,3,3,3,3,3,3,3,3,3,3,4,4,3,3,4,3
520484,3,4,4,1,3,3,3,2,2,3,3,3,3,3,3,3,3,3,3,3,1,3,3,3,4
520566,4,3,3,3,3,3,3,3,3,3,4,3,3,3,3,3,3,3,3,3,3,3,3,3,4
520666,4,4,4,4,4,3,3,3,3,3,4,2,5,3,3,3,3,4,4,1,1,2,3,3,5
521256,5,5,5,3,4,3,3,4,4,3,4,3,4,4,3,3,3,3,3,3,2,3,4,2,3
521760,3,3,3,3,2,3,3,3,2,4,2,3,4,3,3,3,3,3,3,2,2,2,3,3,3
523406,4,4,4,3,4,3,3,3,3,3,4,4,5,3,3,3,4,4,4,2,1,3,4,3,5
523438,2,2,2,2,2,2,3,3,3,3,4,4,5,3,3,3,3,4,3,3,3,3,4,3,4
524160,2,4,4,1,3,3,1,1,1,1,4,4,4,2,2,4,4,3,4,3,3,1,4,3,4
524415,3,3,3,3,3,3,3,3,3,3,3,3,3,3,3,3,3,3,3,3,3,3,3,3,3
524423,3,3,3,2,2,2,2,2,2,2,3,2,3,2,2,2,3,3,3,2,2,2,3,2,3
525425,3,3,3,3,3,3,3,3,3,3,3,3,3,2,2,3,3,3,3,3,3,3,3,3,4
531397,4,4,3,3,3,3,3,3,3,3,3,3,3,3,3,2,2,3,3,2,2,2,2,2,4
533563,3,3,3,3,3,2,2,2,2,2,4,4,4,3,3,2,3,3,3,2,2,2,3,2,4
540570,4,4,4,4,4,4,3,3,3,3,4,3,3,3,3,3,3,3,3,3,3,3,3,3,4
583952,4,4,4,2,3,3,2,2,3,3,4,4,4,4,3,3,3,3,3,3,3,3,4,4,4
591656,3,3,3,3,3,3,3,3,3,3,4,3,5,3,3,3,3,3,3,3,2,2,4,3,5
591720,4,4,4,4,4,4,4,4,4,4,4,4,4,4,4,4,4,4,4,4,3,3,3,3,4
593468,3,4,3,3,3,3,3,3,3,3,2,3,3,3,3,3,3,3,3,3,3,3,3,3,3
593877,3,3,3,3,3,3,3,3,3,3,3,3,3,3,3,3,3,3,3,3,3,3,3,3,4
603505,3,3,3,3,3,3,3,3,3,3,3,3,3,2,3,3,3,3,3,3,3,3,3,3,3
616737,3,3,3,3,3,3,3,4,4,4,3,2,2,2,2,3,2,3,3,3,3,3,4,3,4
625233,4,5,4,2,2,2,3,3,3,2,3,2,3,3,3,2,3,2,4,3,3,3,3,3,4
628846,4,4,4,3,4,4,2,2,2,2,4,3,3,3,2,3,3,3,3,2,3,3,4,3,4
650738,2,3,2,2,2,2,2,2,2,2,2,2,3,3,2,2,2,2,2,2,2,2,2,2,3
655852,4,4,4,3,3,4,4,4,4,4,3,4,4,4,3,3,3,3,3,3,3,3,3,3,4
671349,4,4,3,2,3,2,3,4,3,3,4,3,3,3,3,4,3,3,3,2,1,2,4,1,5
671670,3,3,3,3,3,3,3,3,3,3,3,3,3,3,3,3,3,3,3,3,3,3,3,3,3
672240,3,3,3,3,3,2,3,2,2,3,3,2,4,3,3,3,3,3,2,3,3,2,3,2,3
672528,4,4,4,2,4,3,2,3,3,4,4,3,4,3,2,1,1,3,2,1,1,3,3,1,4
673696,2,2,2,2,2,2,2,2,2,2,2,2,2,2,2,2,2,2,2,2,2,2,2,2,2
675306,2,3,3,1,3,3,3,3,3,3,3,3,3,3,3,3,3,3,3,3,3,3,3,3,3
675719,3,4,3,4,3,2,3,3,3,3,3,3,4,2,2,3,3,3,3,2,2,2,3,2,4
677553,3,4,4,4,3,3,4,2,3,4,4,3,4,2,2,4,4,2,4,4,2,4,3,2,5
677658,4,4,4,3,4,3,2,2,3,3,3,3,4,2,2,3,3,2,2,2,2,3,3,2,4
678240,3,4,3,2,4,3,3,3,3,3,4,4,4,3,3,3,4,4,4,3,3,3,4,2,4
678930,4,4,3,2,2,3,3,3,3,2,3,2,2,2,1,2,2,2,2,2,2,2,2,3,3
679934,3,3,3,3,3,3,3,3,3,3,3,3,3,3,3,3,3,3,3,3,3,3,3,3,3
680285,4,4,4,4,4,4,3,3,3,3,4,4,5,3,3,3,4,4,4,2,2,3,4,2,5
680572,4,4,3,3,3,3,2,2,2,2,2,4,4,3,3,2,2,2,2,1,2,2,3,1,4
681891,4,4,4,3,3,3,3,3,3,4,3,3,3,3,3,3,3,3,3,3,2,3,2,2,4
682118,4,4,4,4,4,4,3,3,3,3,3,4,4,3,3,3,3,4,4,3,3,3,4,3,5
684608,3,3,3,3,3,2,2,2,2,3,3,3,4,2,1,3,3,2,2,1,2,2,3,2,4
696324,4,3,3,3,3,3,3,3,3,3,3,3,3,3,3,3,3,3,3,3,3,3,3,3,3
696447,4,4,4,3,4,3,4,4,4,4,2,4,4,4,2,3,2,3,3,3,2,2,3,2,4
701828,4,5,5,3,4,3,3,3,3,3,4,4,4,4,3,3,3,3,3,3,3,3,4,2,4
714043,4,5,4,3,3,4,4,4,4,4,4,4,3,3,1,3,3,3,3,3,3,3,3,3,4
715716,4,4,4,3,3,3,3,3,3,3,4,3,3,3,3,3,3,3,3,3,3,3,3,3,4
716342,3,3,3,3,3,3,3,3,3,3,3,3,3,3,3,2,2,2,2,2,2,2,2,2,2
717646,3,4,4,2,4,2,2,2,2,2,4,3,3,3,2,2,2,2,2,2,2,2,2,2,4
723446,3,2,2,2,3,3,3,3,3,3,2,3,3,4,3,3,3,3,3,3,3,3,4,3,2
736451,2,2,2,2,2,2,2,2,2,2,2,2,2,2,2,2,2,2,2,2,2,2,2,4,2
738558,3,3,3,3,4,4,2,3,3,3,3,2,4,1,1,4,4,3,2,4,2,4,4,4,4
739500,2,5,2,2,2,4,1,1,1,1,4,1,5,1,1,2,3,2,2,1,4,2,4,4,4
739586,3,3,3,3,3,3,3,3,3,2,3,3,3,3,3,3,3,3,3,3,3,3,3,3,3
745346,4,4,4,3,4,3,3,3,3,3,3,3,3,2,2,3,3,3,3,1,2,2,3,1,3
745466,4,3,3,3,3,3,3,3,3,3,4,3,3,3,3,3,4,4,4,3,3,3,3,3,4
745588,3,3,3,3,3,3,3,3,3,3,3,3,3,3,3,3,3,3,3,3,3,3,3,3,3
745791,4,4,4,2,3,3,3,3,3,3,4,4,4,3,3,3,3,3,3,2,2,2,2,2,4
746137,3,3,3,3,3,3,3,3,3,3,4,3,3,3,3,3,3,3,3,3,3,3,3,2,3
746259,4,4,4,2,3,3,3,3,3,3,4,3,4,3,2,3,3,3,3,3,3,3,4,3,4
747365,4,4,4,3,4,4,4,4,4,4,4,4,4,3,3,3,4,4,4,3,3,4,4,3,5
758162,4,4,3,3,4,3,3,3,3,3,4,3,4,3,3,3,3,3,3,1,1,3,3,3,4
808115,3,4,3,3,3,3,3,3,3,3,3,3,3,3,3,3,3,3,3,3,3,3,3,3,3
814780,4,4,4,2,4,3,3,3,3,4,4,4,4,3,2,3,4,4,4,2,2,3,4,2,5
817013,3,3,4,2,2,2,3,2,3,4,3,4,4,3,2,3,3,3,4,3,3,3,3,3,4
827648,3,3,4,3,3,3,3,3,3,4,3,3,4,3,3,3,4,4,4,2,2,3,3,3,4
839267,3,3,3,3,3,2,3,3,3,3,3,3,3,3,3,2,3,3,3,3,2,3,3,3,3
848577,4,4,4,3,4,3,4,4,3,3,4,2,4,2,3,4,4,4,4,3,3,3,4,3,4
863889,4,4,3,3,3,3,3,3,3,3,3,3,3,3,3,3,3,4,3,3,3,3,3,2,3
867131,3,3,3,3,3,3,3,3,3,3,3,3,3,3,3,3,3,3,3,3,2,3,3,2,3
867145,5,5,5,5,5,3,3,3,3,3,4,4,4,4,1,1,3,3,3,3,3,3,3,3,3
867378,4,3,2,1,2,1,5,3,4,3,3,4,1,3,3,3,2,3,2,3,1,3,5,3,3
879877,3,4,3,3,3,4,2,2,2,2,3,4,4,3,3,3,3,3,3,3,2,3,3,3,4
881095,4,4,4,2,2,4,2,2,2,2,4,4,4,3,1,2,2,4,4,1,1,2,2,1,2
883007,4,4,4,3,4,2,2,2,2,2,3,2,4,2,2,3,2,2,3,3,1,1,4,1,4
884237,4,4,4,4,4,4,3,3,3,3,3,4,3,3,3,3,3,3,3,3,3,3,3,3,4
888980,4,4,4,4,4,4,4,4,4,3,4,3,3,3,3,4,4,4,4,3,3,3,4,3,4
893717,4,4,3,3,3,3,3,3,3,3,3,3,3,3,3,3,3,3,3,3,3,3,3,3,3
935265,3,4,4,2,4,4,3,2,2,2,3,3,4,2,2,3,3,3,3,4,4,2,3,4,4
949445,2,4,4,3,4,3,2,2,2,3,3,3,4,3,3,4,4,3,3,4,3,3,3,3,4
956449,4,4,4,4,4,4,4,4,4,4,4,3,3,3,2,3,3,3,3,3,3,3,4,3,3
973218,3,3,3,3,3,3,3,3,3,3,3,3,3,3,3,3,3,3,3,3,3,3,3,3,4
978149,3,3,3,3,3,3,3,3,3,3,3,3,3,3,3,3,3,3,3,3,3,3,3,3,3
985206,3,2,3,3,3,3,2,2,3,3,3,2,3,2,2,3,3,3,2,2,2,1,3,2,3
985371,3,3,3,3,3,3,3,3,3,3,3,3,3,3,3,3,3,3,3,3,3,3,3,3,3
994933,4,4,4,3,3,3,3,3,3,3,4,4,4,3,3,3,3,3,3,3,2,3,4,2,4
999462,4,4,4,3,4,4,4,4,4,4,2,4,4,4,3,2,2,4,4,2,2,4,4,2,4
1010394,3,4,4,2,2,2,3,3,3,3,3,3,4,4,2,3,3,3,4,2,2,3,2,2,3
1022501,4,4,4,4,4,4,3,3,3,3,4,3,5,2,2,4,4,4,3,3,3,3,4,3,5
1023468,4,5,4,3,4,4,4,3,3,4,3,4,4,4,4,4,4,4,4,3,3,4,4,3,4
1036708,3,3,3,2,3,3,2,2,2,2,3,3,3,3,3,3,3,3,3,3,3,3,3,3,3
1039397,4,3,3,2,3,4,3,3,3,4,5,4,4,3,4,3,3,3,4,3,3,3,4,3,4
1085764,3,3,3,3,3,3,3,3,3,3,3,3,3,3,3,3,3,3,3,3,3,3,3,3,3
1086805,4,4,4,3,3,3,3,3,3,3,4,3,3,3,3,3,3,3,3,3,3,3,4,3,3
1089839,4,4,4,4,4,4,3,3,3,3,3,4,4,4,4,3,3,3,3,3,3,3,3,3,3
1090117,3,3,3,3,3,3,3,3,3,3,3,3,3,3,3,3,3,3,3,3,3,3,3,3,3
1093567,5,5,5,5,4,3,4,4,4,4,4,4,5,4,3,3,4,4,5,2,2,3,3,2,5
1094672,2,3,4,2,3,3,3,3,3,3,2,3,4,3,3,2,3,2,3,1,1,2,2,1,4
1096039,2,4,4,3,3,3,2,2,2,3,2,2,4,3,3,2,2,3,3,3,2,2,3,3,2
1096843,4,4,4,3,3,3,3,3,3,3,4,4,4,3,3,4,4,4,4,2,2,3,4,2,4
1097579,3,4,4,2,3,4,3,3,3,3,3,4,4,2,2,4,3,3,3,2,2,3,4,3,4
1098363,3,4,4,2,3,3,3,3,3,3,3,4,4,3,2,3,3,3,3,2,2,3,3,3,4
1113463,3,3,2,2,3,3,3,3,3,2,4,2,3,3,1,2,3,3,3,3,2,2,3,3,4
1117818,4,5,3,3,3,3,3,3,3,3,4,4,4,3,3,3,3,3,3,3,3,3,3,3,3
1121296,3,3,3,2,2,2,2,2,2,2,3,3,4,2,2,3,3,3,3,3,2,2,4,3,3
1130074,4,4,4,3,3,3,4,4,3,4,4,4,4,2,2,4,4,4,4,2,2,3,4,2,4
1134342,3,3,3,3,3,2,3,3,3,2,3,3,4,4,3,3,3,3,3,3,3,3,3,3,4
1146449,5,5,5,4,4,3,2,2,2,2,3,2,3,3,3,3,3,4,4,3,3,3,3,2,4
1153655,3,3,3,3,3,3,3,3,3,3,3,3,3,2,2,2,3,3,3,2,3,3,3,3,3
1161010,4,4,4,4,4,3,3,3,3,3,3,4,4,2,3,3,3,3,3,2,3,3,3,2,3
1161878,4,4,3,2,4,3,4,2,3,3,3,3,4,3,3,4,4,3,4,2,3,3,4,3,4
1161977,2,3,3,2,2,3,2,2,2,3,3,4,4,3,2,4,3,2,3,3,3,3,3,3,4
1164152,2,2,2,2,2,2,2,3,3,3,3,3,3,3,3,3,3,3,3,3,3,3,3,3,3
1164917,3,3,3,3,3,3,3,3,3,3,3,3,3,3,3,3,3,3,3,3,3,3,3,3,3
1165197,4,4,4,4,2,3,3,3,3,3,3,3,3,3,3,3,3,3,3,3,3,3,3,3,3
1167432,3,5,3,2,4,3,4,2,3,4,5,4,5,3,3,4,4,4,4,3,1,2,3,1,4
1185656,4,3,3,3,3,3,3,3,3,3,4,4,3,2,3,3,3,3,3,3,3,3,3,3,4
1187555,2,2,2,2,2,3,3,3,3,2,3,3,4,3,3,3,3,3,3,3,3,3,3,3,4
1198417,5,5,5,4,4,4,3,3,3,4,4,4,4,4,4,4,4,4,4,4,4,4,4,4,5
1206875,4,4,4,3,4,2,3,3,3,4,4,4,3,3,2,3,3,3,3,3,3,4,4,2,3
1206945,4,4,4,3,4,4,4,4,3,3,4,3,4,2,1,4,4,3,4,2,1,2,4,1,4
1208948,4,4,3,4,4,3,4,4,3,3,4,4,4,4,3,3,3,3,3,3,3,4,4,3,4
1211226,4,4,3,3,3,3,3,3,3,3,4,3,4,3,3,3,3,4,4,2,2,3,3,1,4
1228135,3,3,3,3,2,2,2,2,3,1,3,2,3,1,2,3,3,3,3,3,1,2,3,2,3
1234734,4,4,4,4,4,4,4,4,4,4,3,4,4,4,4,4,4,4,4,4,4,4,4,3,3
1248001,4,4,4,4,3,3,3,3,3,3,3,3,3,3,3,3,3,3,3,3,3,3,3,3,3
1260644,2,2,2,2,2,2,2,2,2,4,3,3,3,2,2,3,3,3,3,3,3,3,3,3,3
1261965,3,3,3,2,3,2,2,2,2,3,3,2,3,3,3,3,3,3,3,2,2,3,3,2,3
1262200,3,4,4,3,3,3,3,3,3,3,4,3,4,3,3,3,3,3,3,3,3,3,3,3,4
1263883,4,4,3,3,3,3,3,3,3,3,4,3,3,3,3,3,3,3,3,2,2,3,3,2,4
1270788,4,4,3,3,3,3,2,3,3,3,4,2,3,3,3,4,3,3,3,3,3,3,3,3,3
1285347,3,2,3,3,4,3,3,3,3,3,4,4,3,3,2,3,3,3,4,4,3,3,4,4,3
1285449,4,4,4,3,3,3,3,3,3,3,4,4,4,3,3,4,4,4,4,4,4,4,4,3,4
1294079,3,3,3,3,3,3,3,3,3,3,3,3,3,3,3,3,3,3,3,3,3,3,3,3,3
1295827,2,4,4,2,2,2,1,1,1,1,4,4,4,2,2,2,2,2,2,2,1,1,2,2,4
1300482,3,4,4,2,3,2,2,2,2,3,3,2,3,2,2,2,2,2,2,2,2,2,2,2,3
1310092,2,2,3,1,1,3,1,1,1,3,3,3,4,1,2,3,4,3,4,2,2,2,3,2,4
1319124,4,4,4,4,4,3,3,2,3,3,3,3,4,4,4,3,3,3,3,1,3,3,4,2,4
1323041,3,3,3,3,3,3,3,3,3,3,3,4,4,3,3,3,3,4,4,3,4,4,3,3,3
1327589,4,4,5,1,3,3,4,4,4,3,4,3,3,2,2,4,3,3,4,4,2,3,4,2,5
1363834,4,4,4,3,3,4,3,3,3,4,4,3,3,3,3,3,3,3,3,2,2,3,3,3,4
1364529,3,3,3,3,3,3,3,3,3,3,3,3,3,3,3,3,4,3,3,3,3,4,3,2,4
1365741,4,4,4,4,4,4,4,4,4,4,4,4,4,4,4,4,4,4,4,4,4,4,4,4,4
1367197,4,4,3,3,3,3,3,4,3,3,3,4,4,3,3,3,3,3,3,3,3,3,4,3,4
1369470,3,4,4,3,4,3,3,3,2,4,4,4,4,3,3,4,3,3,2,4,3,4,4,2,4
1373051,4,4,4,3,4,4,4,4,4,3,4,4,4,4,4,4,4,4,4,3,3,3,4,3,4
1376352,4,4,3,3,4,3,3,3,3,3,3,3,3,3,3,3,3,3,3,3,3,3,3,3,3
1378051,2,4,3,3,2,1,1,1,1,1,1,2,3,2,1,4,1,2,3,1,1,1,1,1,4
1383295,3,3,3,2,3,3,3,3,3,3,3,3,3,3,3,3,3,3,3,2,3,3,3,3,3
1386849,3,3,3,3,3,3,3,3,3,3,4,3,3,3,3,3,3,3,3,3,3,3,3,3,4
1389058,4,5,5,3,4,3,3,3,3,3,4,3,5,2,2,3,3,3,3,3,3,3,4,3,4
1393373,4,4,4,3,4,3,3,3,3,3,4,3,4,3,2,3,3,3,3,3,2,3,4,3,4
1394074,4,4,4,2,4,3,3,3,3,2,4,3,4,4,3,3,4,3,3,3,3,3,4,3,4
1395077,4,4,4,4,4,4,3,3,3,3,4,4,3,4,3,3,3,3,3,3,3,3,3,3,4
1395337,1,3,3,2,3,3,2,2,2,3,3,3,4,3,2,3,3,3,3,3,3,3,3,3,4
1404341,4,3,3,3,3,3,4,3,3,3,3,2,2,4,3,3,3,3,3,3,4,4,3,3,4
1406171,4,4,4,3,3,3,4,3,3,3,4,3,4,3,3,3,3,3,3,3,3,3,3,3,4
1408187,3,3,3,4,4,4,3,3,3,3,3,3,3,3,3,3,3,3,3,3,3,3,3,3,4
1409494,4,4,3,2,3,4,3,3,2,2,5,4,5,3,3,4,4,4,4,3,3,4,4,3,4
1409733,3,3,3,3,3,3,3,3,3,2,3,3,3,3,3,3,3,3,3,3,3,3,3,3,3
1411130,4,4,4,4,4,3,4,4,3,2,4,4,4,3,3,3,3,3,3,3,3,3,3,3,3
1412453,3,4,4,2,4,4,2,4,3,4,4,4,3,3,3,3,2,3,3,2,2,3,3,2,3
1416485,4,4,4,3,3,3,3,3,3,2,5,3,5,3,2,4,4,4,4,2,2,2,3,2,4
1428887,4,4,3,3,3,4,3,3,3,3,4,4,3,3,3,4,4,4,4,4,4,4,4,4,3
1440295,4,4,4,3,4,3,3,3,3,3,4,3,3,3,3,3,3,4,4,3,3,3,4,3,4
1440355,4,4,4,3,3,4,4,4,4,3,4,4,4,3,3,3,3,3,3,3,2,3,3,1,4
1450470,2,2,2,2,2,2,2,2,2,2,2,2,2,2,2,2,2,2,2,2,2,2,2,2,3
1451912,4,4,4,3,3,3,3,3,3,3,4,3,3,3,2,3,3,3,3,3,2,2,3,2,3
1476480,3,3,3,3,3,3,2,2,2,2,3,3,4,3,2,3,3,3,3,3,2,2,3,2,4
1504863,4,4,4,4,4,4,4,4,4,4,4,4,4,4,4,4,4,4,4,4,3,3,4,3,4
1508794,3,3,2,2,3,3,2,2,3,3,4,3,4,2,2,1,3,3,3,2,3,3,3,2,4
1511240,2,2,2,2,2,2,2,2,2,2,4,2,2,2,2,5,5,2,2,2,2,2,2,2,2
1511664,4,4,4,3,4,4,4,4,4,3,4,4,4,3,4,3,4,4,4,2,1,2,4,1,4
1512246,3,3,3,3,3,3,3,3,3,3,3,3,4,3,3,3,3,3,3,3,3,3,3,3,4
1513823,4,4,4,2,4,3,3,3,4,3,3,4,4,3,3,3,4,4,4,2,3,3,4,3,5
1538465,3,3,3,3,2,2,2,2,2,2,4,2,4,1,1,4,4,3,3,2,2,2,4,2,4
1542319,3,3,3,3,3,3,3,3,3,3,3,3,3,3,3,3,3,3,3,3,3,3,3,3,4
1554537,3,3,3,3,3,3,3,3,3,3,3,3,3,3,3,3,3,3,3,2,2,3,3,2,3
1554755,4,4,4,3,3,4,3,3,3,4,4,4,4,4,3,3,4,4,4,3,2,3,4,2,5
1568958,4,4,4,4,4,4,4,3,3,3,4,4,5,3,2,2,2,2,2,2,2,2,2,2,3
1569644,4,4,4,4,4,4,4,4,4,4,4,4,4,4,4,4,4,4,4,4,4,4,4,4,4
1571035,4,4,3,2,3,3,2,2,2,3,4,3,4,3,2,2,4,3,3,1,2,3,4,1,4
1571061,2,2,2,2,2,2,2,2,2,2,2,2,2,2,2,2,2,2,2,2,3,3,2,2,2
1571769,4,5,5,2,4,4,4,4,4,5,4,2,5,5,4,5,5,5,5,2,4,4,5,2,5
1574884,3,3,3,3,3,3,3,3,3,3,3,3,3,2,2,3,3,3,3,3,2,3,3,3,3
1575467,2,3,4,3,2,3,2,1,3,2,3,2,2,1,3,2,3,3,2,3,2,1,3,2,3
1579506,3,4,3,3,3,2,3,3,3,3,3,3,3,2,2,3,3,3,3,2,1,2,3,2,4
1580304,4,4,4,4,4,4,4,4,4,4,4,4,4,4,3,4,3,3,3,3,3,3,4,3,4
1582401,3,3,2,2,3,3,3,3,2,3,3,3,4,3,2,2,2,2,2,2,1,2,2,1,4
1582676,4,4,3,2,2,4,1,1,1,3,4,4,4,3,3,2,2,4,2,2,2,3,4,3,3
1583360,3,3,3,4,4,3,4,3,3,3,4,4,3,3,3,3,3,3,3,3,3,3,3,3,4
1590490,3,3,3,3,3,3,2,2,2,2,2,3,3,3,2,2,2,2,2,2,1,1,2,2,4
1591022,3,3,3,3,3,3,3,3,3,3,3,3,4,3,3,3,4,4,4,2,2,3,3,3,3
1592983,4,2,3,2,3,3,2,2,2,4,4,4,4,3,3,3,3,3,3,3,3,4,3,1,4
1595370,3,3,3,2,3,3,4,4,3,4,4,4,3,4,3,2,3,3,3,2,2,3,4,2,4
1596125,2,2,2,2,2,2,2,2,2,2,2,2,2,4,2,2,2,2,2,2,2,2,2,2,2
1596935,4,3,3,3,3,3,3,3,3,3,3,3,3,3,3,3,3,3,3,3,3,3,3,3,3
1598414,3,3,3,3,3,3,3,3,3,3,4,3,3,3,3,4,4,3,3,3,3,3,3,3,3
1598641,3,4,3,3,4,3,4,4,3,4,4,4,4,4,3,3,3,3,3,3,3,3,3,3,3
1599024,3,3,3,2,2,2,3,3,3,3,3,3,3,3,3,3,3,3,3,3,3,3,3,3,3
1600090,4,4,4,3,3,3,3,4,4,3,4,4,3,3,2,3,2,2,2,3,3,3,4,3,3
1600666,3,3,3,3,2,2,2,2,2,3,4,4,3,2,2,2,3,3,3,3,3,3,3,3,4
1646780,3,4,3,3,3,3,3,3,3,3,3,3,3,3,2,3,3,3,3,3,3,3,3,3,4
1647329,3,3,3,3,3,3,3,3,3,3,3,3,3,3,3,4,3,3,3,3,3,3,4,3,3
1664059,4,4,4,4,4,4,5,5,4,3,4,4,4,4,4,4,4,4,4,4,4,3,4,4,4
1674310,3,3,4,2,3,2,2,2,2,4,2,2,2,1,1,1,2,1,1,1,1,1,1,1,4
1676647,5,5,5,5,5,5,5,5,5,5,5,4,4,5,5,5,5,5,5,5,3,5,5,2,5
1678018,4,4,4,4,4,4,3,3,3,3,4,3,4,3,3,3,3,3,3,3,3,3,3,3,3
1694236,5,5,3,4,4,4,4,4,4,4,4,4,3,3,3,4,3,3,4,3,3,4,4,4,5
1705674,3,4,3,3,4,3,3,3,3,3,4,3,3,3,3,3,3,3,3,3,3,3,4,3,4
1711246,3,3,3,3,3,3,3,3,3,3,3,3,3,3,3,3,3,3,3,3,3,3,3,3,3
1720573,3,3,3,1,2,1,3,3,2,3,4,3,4,2,1,2,3,3,2,1,1,1,3,1,3
1731034,3,4,4,2,4,2,3,3,3,3,4,2,4,2,3,2,2,3,3,2,2,3,3,3,4
1731208,3,3,3,3,3,3,3,3,3,3,3,3,3,3,3,3,3,3,3,3,3,3,3,3,3
1735864,4,4,4,4,4,4,4,4,4,4,4,3,5,4,4,3,3,4,3,4,2,4,4,4,3
1745410,3,3,3,3,3,3,3,3,3,3,3,4,4,3,3,3,3,3,3,3,3,3,3,3,3
1750778,3,4,3,2,4,3,2,2,2,2,2,2,2,2,2,2,2,2,2,2,3,2,2,2,2
1751234,3,4,4,4,4,3,3,3,3,3,3,3,3,3,3,3,3,3,3,3,2,3,2,2,3
1753218,1,4,3,3,4,3,4,2,4,3,3,3,3,4,3,2,3,3,3,2,3,3,3,3,5
1768506,4,4,3,4,4,3,4,4,4,4,3,3,4,4,4,4,4,4,4,4,4,4,4,3,3
1772597,4,4,4,2,4,4,2,2,4,3,4,4,4,3,3,3,4,4,4,4,4,4,4,4,4
1778835,4,4,3,2,3,2,2,2,2,2,2,2,2,2,2,2,3,3,3,3,3,3,3,3,4
1784357,3,3,3,2,3,3,3,3,3,3,3,3,3,3,3,3,3,3,3,3,3,3,3,3,3
1785365,2,4,2,3,3,2,3,3,3,3,2,4,4,4,3,3,3,4,4,3,2,3,3,2,4
1797693,3,3,3,3,3,3,3,3,3,3,3,3,3,3,3,3,3,3,3,3,3,3,3,3,3
1804901,3,3,3,3,3,3,3,3,3,3,3,3,3,3,3,3,3,3,3,3,3,3,3,1,3
1805377,2,1,3,3,3,2,3,3,3,3,3,3,3,2,2,2,3,3,2,2,2,3,3,3,3
1809017,3,3,3,2,3,3,3,4,3,3,4,3,3,3,4,3,3,2,3,3,3,3,3,3,4
1818767,2,2,2,2,2,2,2,2,2,2,2,2,2,2,2,2,2,2,3,2,1,2,2,1,4
1819340,3,3,3,3,3,3,3,3,3,3,3,3,3,3,3,3,3,3,3,3,3,3,3,3,3
1832109,4,4,4,1,2,1,1,1,1,1,3,2,3,1,1,2,2,2,2,2,2,1,4,2,4
1834556,4,4,4,4,4,4,4,4,4,4,4,4,4,3,3,4,4,4,4,3,3,3,4,3,4
1838512,4,5,4,3,3,3,3,3,3,3,4,3,4,3,3,3,3,3,3,3,2,3,3,2,4
1840566,4,4,4,4,4,4,4,4,3,4,4,4,4,4,4,4,4,4,4,3,2,3,4,3,4
1840834,4,4,4,3,3,3,2,2,2,1,3,2,3,3,3,3,3,3,3,3,2,3,4,3,4
1845843,3,4,4,3,4,4,3,4,4,4,4,4,4,3,3,4,4,3,4,4,4,4,4,4,4
1854491,4,4,4,2,3,3,3,3,4,3,4,4,3,3,3,4,3,3,3,2,2,4,3,3,3
1854832,4,4,4,2,4,2,1,1,1,1,4,4,5,3,4,3,3,4,4,4,3,1,2,2,5
1859238,3,4,4,2,2,2,2,2,2,3,3,3,3,3,3,3,3,3,3,3,3,3,3,3,4
1861511,2,2,2,2,3,4,3,3,3,3,3,3,3,3,3,4,4,5,5,3,1,4,4,4,4
1865577,3,3,3,3,3,3,3,3,3,3,3,3,4,3,3,3,3,3,3,3,3,3,3,3,3
1866822,4,3,3,3,3,3,4,4,3,3,4,3,3,3,3,3,3,3,3,3,3,3,3,3,3
1880070,4,4,3,3,4,4,3,3,3,4,4,4,4,2,2,3,2,3,3,2,3,3,4,2,4
1882067,3,4,3,3,3,3,2,2,2,3,3,2,3,3,3,3,3,3,3,3,3,3,3,3,3
1884384,3,4,4,4,4,3,2,2,2,3,4,4,4,4,3,3,3,4,3,4,4,4,4,4,3
1885273,3,3,3,2,2,2,2,2,2,3,2,2,4,2,2,2,2,2,2,2,2,2,2,2,4
1888451,3,3,3,3,3,3,3,3,3,3,3,3,3,4,3,3,3,3,3,3,3,3,3,3,3
1888909,3,3,3,3,3,3,3,3,3,3,3,3,3,3,3,3,3,3,3,3,3,3,3,3,3
1902093,3,3,3,3,3,3,3,3,3,3,3,4,3,3,3,4,3,4,3,3,3,3,3,3,3
1933233,4,4,4,2,3,4,2,2,3,4,3,3,3,1,1,2,2,3,3,2,2,2,4,2,4
1945391,2,2,2,2,2,3,3,1,2,2,3,3,4,3,1,1,3,3,3,3,1,4,3,4,3
1965804,4,4,3,3,3,3,3,3,3,3,4,3,3,3,3,3,3,3,3,4,4,3,3,3,3
1968095,4,4,4,4,4,3,2,2,2,4,3,4,4,4,4,4,4,4,4,4,2,4,3,3,4
1980957,4,4,4,3,3,3,3,3,3,3,4,3,3,2,2,3,3,3,3,3,2,3,3,3,3
1981854,4,4,4,3,4,3,4,4,4,3,4,3,4,4,4,3,3,4,4,2,2,3,4,2,5
1986924,3,3,3,3,3,3,3,3,3,3,4,4,3,4,3,4,3,3,3,3,3,3,3,3,3
1992718,3,3,3,3,3,3,2,2,2,2,3,3,4,3,3,4,3,3,3,3,4,3,3,3,3
2005679,4,5,4,3,4,3,3,3,3,3,4,4,4,3,3,3,4,4,4,2,2,2,4,2,4
2009367,3,3,3,3,3,3,3,3,3,3,4,3,4,3,3,4,4,4,4,2,3,3,4,3,4
2011743,3,3,3,2,2,2,3,3,2,2,4,1,3,3,3,3,2,2,2,4,2,2,4,4,3
2029343,2,2,4,2,2,3,2,2,2,2,2,3,3,3,2,3,3,3,3,3,3,3,3,3,3
2030354,3,4,4,2,2,3,2,2,2,2,3,3,3,3,3,3,3,3,3,3,2,2,3,3,4
2030591,3,3,3,3,3,3,2,2,2,4,3,3,4,3,3,3,3,3,3,3,3,3,2,2,4
2031828,4,4,3,3,4,3,3,4,3,4,4,4,4,3,3,3,3,4,3,3,3,3,4,2,4
2033017,3,4,3,2,3,3,3,3,3,3,3,3,4,2,3,3,3,3,3,3,3,3,3,3,4
2048635,2,4,4,2,4,4,3,3,3,3,3,4,4,3,2,4,3,3,4,4,4,4,3,3,4
2056962,3,3,3,3,3,3,3,2,2,3,3,3,3,3,3,3,3,3,3,3,2,2,3,3,3
2096746,4,4,4,3,3,3,2,4,2,3,4,4,4,3,3,2,3,3,4,2,1,3,3,3,3
2105488,4,4,3,3,3,3,3,3,3,3,4,3,4,3,3,3,3,3,3,3,2,3,3,2,4
2119231,4,4,4,2,3,2,3,2,3,3,3,3,3,3,2,2,3,3,3,3,2,3,3,2,4
2147719,3,3,3,2,3,3,2,2,2,2,3,3,3,3,3,2,2,3,2,2,2,2,2,1,3
2166490,3,4,4,3,4,3,3,3,3,3,4,4,4,3,3,4,4,4,4,2,2,3,4,3,4
2170364,4,4,3,3,3,3,3,3,3,2,3,3,3,3,3,3,4,3,3,3,3,3,4,3,4
2171798,3,3,3,3,3,3,2,2,2,3,3,3,3,2,2,2,2,2,2,3,2,2,2,2,3
2182089,4,4,4,1,4,4,3,3,3,3,4,4,4,4,4,3,4,3,4,3,1,3,4,4,4
2182339,4,5,4,3,3,2,2,2,2,3,3,3,4,3,3,3,3,3,3,3,3,3,3,3,4
2219296,4,4,4,4,4,4,3,3,3,3,4,4,4,3,3,3,3,4,4,2,2,3,4,3,4
2220721,3,3,3,3,3,3,3,2,3,3,3,3,3,3,3,3,3,3,3,3,3,3,3,3,4
2244295,3,3,3,3,3,3,3,3,3,3,3,3,3,3,3,3,3,3,3,3,3,3,3,3,3
2249542,3,4,3,2,3,3,4,3,3,3,4,3,3,3,3,5,3,3,3,3,3,3,3,3,3
2256558,4,5,4,2,5,4,3,4,2,3,3,4,5,4,3,4,3,3,4,4,2,3,4,3,4
2272308,3,4,4,3,3,3,3,3,3,3,3,4,3,3,3,3,3,3,4,3,2,2,4,2,3
2282622,2,3,3,2,3,2,2,2,2,2,2,2,2,1,1,2,2,2,1,2,2,2,2,1,4
2291051,4,4,4,3,4,4,3,3,3,3,4,3,4,3,3,3,3,3,3,3,3,3,3,3,4
2299231,3,3,3,3,3,3,2,2,2,2,3,3,4,3,2,3,3,3,3,3,2,2,2,2,4
2299854,3,3,3,3,3,3,3,3,3,3,3,3,3,3,3,3,3,3,3,3,3,3,3,3,3
2301660,4,4,4,1,4,3,2,2,2,2,4,4,4,2,2,2,2,4,4,2,3,2,4,2,2
2306370,4,4,4,3,4,3,3,3,3,3,4,3,4,3,3,4,4,4,4,3,2,3,4,3,4
2309374,3,2,3,3,2,2,2,2,2,2,4,2,4,3,2,2,2,2,2,3,2,2,4,3,3
2319329,4,4,3,3,2,3,2,2,2,3,4,2,3,3,2,3,3,3,2,2,3,3,4,2,4
2321665,3,3,3,3,3,3,3,3,3,4,3,3,3,2,3,3,3,3,3,3,3,3,3,3,3
2332138,3,3,3,3,3,2,3,3,3,3,3,2,3,2,2,3,3,3,3,3,3,3,3,3,3
2347564,3,4,3,3,4,3,3,3,3,4,4,3,3,3,3,4,3,3,3,3,3,3,4,4,3
2347573,4,4,4,3,4,4,4,4,4,3,4,4,4,4,3,4,4,4,4,4,3,4,4,3,4
2365366,3,3,3,3,3,3,3,3,3,3,3,3,3,3,3,3,3,3,3,3,3,3,3,3,3
2381877,4,4,3,3,3,3,3,3,3,3,4,4,4,3,3,3,3,3,3,3,3,3,3,3,4
2390622,1,1,1,1,1,1,1,1,1,1,3,1,2,1,1,3,1,1,1,3,2,1,2,3,2
2392715,3,3,3,3,3,3,3,3,3,4,3,3,4,3,3,4,3,3,4,3,4,4,3,2,3
2405764,4,3,3,4,4,4,3,3,3,3,4,3,3,2,2,3,3,2,2,3,3,3,3,3,2
2427998,4,4,4,3,5,3,3,3,3,3,3,4,4,4,4,4,4,4,4,2,3,4,3,2,4
2432815,4,4,4,2,4,4,3,3,3,3,3,3,3,3,2,3,3,3,3,4,4,3,3,3,3
2440614,3,4,4,2,3,3,2,2,2,3,3,3,4,3,3,4,4,4,4,3,2,3,3,3,4
2440678,4,4,4,3,3,3,3,3,3,3,3,3,3,3,3,2,2,4,4,3,3,3,3,3,4
2489640,4,4,4,3,3,3,3,3,3,3,4,4,4,3,3,3,3,3,3,3,3,3,3,3,3
2509360,4,3,3,3,3,3,3,3,3,3,3,3,3,3,4,3,3,3,3,3,3,4,3,3,3
2520736,2,2,2,2,2,3,2,2,2,2,1,1,2,2,2,2,2,2,2,2,2,2,2,2,2
2534137,4,5,4,1,1,2,3,2,2,3,4,2,4,1,1,2,2,3,2,1,1,3,2,1,4
2553069,3,3,3,3,3,3,3,3,3,3,3,3,3,3,3,3,3,3,3,3,3,3,3,3,3
2570025,4,4,4,4,4,4,4,4,3,3,2,2,3,2,2,3,3,3,3,3,3,3,3,3,3
2579584,4,4,4,4,4,3,3,3,3,3,4,3,4,3,3,4,4,4,4,3,3,3,3,3,4
2613691,3,4,4,3,3,3,3,3,3,4,3,3,4,3,3,3,3,3,3,3,2,3,3,3,4
2616493,3,3,3,3,3,3,3,3,3,3,3,3,3,2,2,4,3,2,2,4,4,4,4,4,3
2669031,4,4,4,2,4,3,3,3,3,2,4,3,4,4,2,3,3,2,2,2,2,2,4,4,4
2680625,5,5,5,5,5,5,5,5,5,5,5,5,5,5,5,5,5,5,5,2,2,5,5,2,5
2682925,4,4,4,4,4,4,4,4,3,3,4,3,4,3,3,3,3,4,4,3,3,4,4,3,4
2688059,3,3,3,1,1,2,2,2,2,2,2,2,3,3,3,3,3,3,3,3,2,1,1,1,3
2705612,4,4,4,3,3,3,3,4,4,4,4,4,4,3,3,3,3,3,3,3,3,3,4,3,4
2729677,4,4,4,4,4,2,3,3,2,2,4,4,4,3,3,3,3,3,3,3,3,3,3,3,3
2732817,4,4,4,4,4,3,3,3,3,4,4,3,4,4,3,4,4,4,4,4,4,4,4,4,5
2732968,3,4,3,3,3,3,3,3,3,3,3,3,3,3,3,3,3,3,3,3,3,3,3,3,3
2737280,4,4,4,3,3,3,3,3,3,3,4,3,4,3,3,3,3,3,3,3,3,3,3,3,3
2738533,4,4,4,3,4,4,3,3,3,3,4,4,4,4,4,4,4,4,4,2,1,3,4,1,5
2750107,4,4,4,3,3,2,3,3,3,3,4,3,2,3,3,3,3,3,3,3,3,3,3,3,4
2750250,4,4,4,3,4,4,3,3,3,3,3,3,4,3,3,2,3,3,3,2,2,2,2,2,3
2750775,3,3,3,3,3,3,3,3,3,4,3,3,4,3,3,3,3,3,3,3,3,3,3,3,4
2757300,3,3,3,3,3,3,3,3,3,3,3,3,3,3,3,3,3,3,3,3,3,3,3,3,3
2769912,3,4,4,2,4,4,4,4,4,4,4,4,4,4,3,4,4,4,4,4,4,4,4,4,5
2771895,4,4,3,2,3,3,3,3,3,4,4,4,4,3,3,3,3,3,3,4,4,4,3,4,3
2801758,4,5,4,2,3,3,3,3,3,4,4,4,5,4,4,4,4,3,4,4,4,4,3,3,5
2809816,4,4,4,4,4,4,4,4,4,3,4,4,4,3,3,3,3,3,3,2,3,3,4,3,4
2810245,4,4,4,3,3,2,3,3,3,3,4,4,4,3,3,3,3,4,4,3,1,3,4,1,5
2822616,3,4,4,3,3,3,3,3,3,3,3,3,3,3,3,3,3,3,3,2,3,3,3,3,4
2837173,2,3,3,2,2,3,2,2,2,2,2,2,2,2,1,1,2,2,2,1,1,1,2,1,3
2841903,4,4,4,3,4,4,3,3,3,4,3,3,4,2,2,3,3,3,3,3,3,3,4,3,4
2870861,4,4,4,4,4,4,3,3,3,3,4,4,4,3,3,3,4,4,4,2,1,3,3,2,4
2870865,4,4,3,3,4,3,3,3,3,3,4,4,3,2,2,2,3,3,3,2,2,3,4,2,4
2875303,4,4,5,4,4,4,4,4,4,2,4,3,4,4,2,4,4,4,4,4,4,4,4,4,5
2889052,4,4,3,3,3,3,3,3,3,4,4,3,4,4,4,3,3,4,3,3,3,3,3,3,3
2904874,4,4,3,2,4,3,3,3,3,3,3,3,3,2,2,4,3,2,2,3,3,3,4,2,4
2908225,4,4,4,4,4,4,4,4,4,4,4,4,4,4,4,4,4,4,4,4,4,4,4,4,4
2913913,3,5,3,2,4,4,3,4,3,5,3,4,4,3,3,3,4,4,4,3,2,3,3,3,4
2918712,3,3,3,3,3,2,3,3,3,3,3,3,3,3,3,3,3,3,3,3,3,3,3,3,3
3000135,3,3,3,3,3,3,4,3,3,3,4,4,3,3,3,4,4,3,3,3,3,3,4,3,3
3001552,3,4,4,2,4,3,3,3,3,3,3,3,3,3,3,3,3,3,3,2,2,3,3,2,4
3002198,3,4,3,3,4,3,3,4,3,3,3,3,3,3,3,3,3,3,3,3,3,3,3,3,4
3006810,3,3,3,4,4,4,4,4,4,4,3,3,3,3,3,3,3,3,3,3,3,3,3,3,3
3007624,4,5,3,4,4,3,4,4,4,3,4,3,5,3,3,4,4,4,4,3,3,3,3,3,5
3008214,3,3,3,3,3,3,3,3,3,3,3,3,4,2,2,3,3,3,3,3,3,2,3,2,4
3008699,3,3,3,3,3,3,3,3,3,3,3,3,3,3,3,3,3,3,2,3,3,3,3,3,3
3008829,4,5,5,3,5,4,3,3,3,3,4,4,5,3,3,3,4,4,4,3,3,3,3,3,5
3009133,4,4,3,3,3,3,3,3,3,3,4,3,4,3,3,3,3,3,3,2,3,3,4,3,4
3009732,3,3,3,3,3,3,3,1,1,3,1,3,3,1,1,3,3,3,3,3,3,3,3,3,4
3009750,3,3,3,2,2,3,2,2,2,3,3,3,4,3,3,2,3,4,4,1,1,4,3,2,4
3009778,4,4,4,2,4,4,4,4,4,2,4,3,4,4,2,3,3,3,3,3,2,3,4,2,4
3009889,4,4,4,4,4,2,3,3,3,3,4,3,4,3,3,4,4,4,4,2,2,3,2,2,4
3010311,3,3,3,3,3,3,3,3,3,3,3,3,4,3,2,3,3,3,3,3,3,3,3,3,4
3010316,3,3,3,3,3,3,3,3,3,3,3,3,3,3,3,3,3,3,3,3,3,3,3,3,3
3010329,3,4,4,3,3,3,3,3,3,3,3,3,3,3,3,3,3,3,3,3,3,3,3,3,4
3010917,3,4,3,3,3,3,3,3,3,3,3,3,4,3,3,4,4,3,3,3,3,3,3,3,4
3011036,4,4,4,2,2,4,4,4,4,4,4,3,4,4,4,4,4,4,4,3,3,4,4,3,4
3011121,3,3,3,3,3,3,3,3,3,3,3,3,3,3,3,3,3,3,3,3,3,3,4,3,3
3012665,4,4,3,1,3,3,3,3,3,3,3,3,3,3,3,3,3,3,3,3,3,3,3,3,4
3013357,3,3,3,3,3,3,3,3,3,3,3,3,3,3,3,3,3,3,3,3,3,3,3,3,4
3014403,3,4,3,3,4,3,3,2,2,2,3,3,4,3,3,3,3,3,3,2,2,4,3,2,4
3016558,4,4,4,4,4,3,3,3,3,3,4,3,3,3,3,3,3,3,3,3,3,3,3,3,3
3017246,4,4,4,4,4,4,4,4,3,3,4,4,4,4,4,3,3,4,4,3,3,3,4,3,4
3017659,3,3,3,3,3,2,2,2,2,2,4,3,3,3,3,3,3,3,3,3,3,3,4,3,3
3018456,4,5,4,3,4,4,3,3,4,4,3,4,4,3,3,4,4,4,4,2,2,3,4,2,4
3018556,3,3,3,3,3,3,3,3,3,3,3,3,4,2,1,3,3,1,1,3,3,3,3,3,4
3019459,3,3,3,3,3,3,3,3,3,3,3,3,3,3,3,3,3,3,3,2,2,3,3,2,3
3019558,3,3,4,3,3,3,3,3,3,3,4,3,3,3,3,3,3,3,3,3,3,3,3,3,3
3021570,4,4,3,2,2,3,3,3,3,3,4,4,3,3,3,3,3,3,3,3,3,3,4,2,4
3022542,4,5,4,4,5,4,4,4,4,5,4,4,4,4,4,4,4,4,4,3,3,4,4,3,4
3024679,5,5,5,4,4,3,4,4,4,4,4,4,4,2,2,3,3,3,3,3,3,3,3,3,5
3024941,4,5,3,2,4,5,4,4,4,4,4,4,3,4,4,4,3,3,4,3,4,4,5,2,4
3025609,3,3,3,3,3,3,3,3,3,3,3,3,3,3,4,3,3,3,3,3,3,3,3,3,3
3025802,3,4,3,3,3,2,2,2,2,3,4,3,4,4,3,3,4,3,3,3,3,3,3,3,4
3025892,4,4,3,2,2,3,2,2,2,2,3,2,3,2,2,4,4,2,2,3,2,3,4,2,4
3026387,3,3,3,3,3,3,3,3,3,3,3,3,3,3,3,3,3,3,3,3,3,3,3,3,3
3026471,3,3,3,3,3,3,3,4,4,3,4,4,3,3,3,3,3,3,3,3,3,3,3,3,3
3026488,4,4,4,4,4,4,3,3,3,3,4,3,3,3,3,3,3,3,3,2,2,3,3,2,3
3029189,3,4,3,1,2,1,2,2,2,2,2,2,3,3,3,2,4,4,4,1,1,2,2,1,3
3034372,4,4,3,3,3,3,3,3,3,3,4,3,3,2,2,3,3,3,3,3,2,3,3,3,4
3034383,2,2,2,2,2,2,2,2,2,2,3,2,2,2,2,3,2,2,2,3,3,3,3,3,3
3035243,4,5,5,2,4,4,4,4,4,4,4,4,4,3,3,4,4,4,4,4,4,4,4,3,5
3035501,4,4,4,2,4,3,3,3,3,3,3,3,4,3,3,3,3,3,3,3,3,3,3,3,3
3036835,3,3,3,3,3,3,3,3,3,4,3,3,4,3,3,3,3,3,3,3,3,3,3,3,3
3037821,3,3,3,3,3,3,3,3,3,3,3,3,3,3,3,3,3,3,3,3,3,3,3,3,3
3038375,4,4,4,3,3,3,3,3,3,4,3,4,5,5,4,3,3,4,4,3,2,3,3,3,5
3040450,3,3,3,3,3,3,3,3,3,3,3,2,3,2,2,3,3,3,3,2,3,3,3,2,3
3042696,4,4,4,4,3,3,3,3,3,4,4,2,4,4,4,4,4,4,4,4,4,4,4,4,4
3043202,3,4,4,3,2,2,3,3,4,4,3,4,3,4,4,4,4,4,4,3,3,3,4,3,4
3047672,3,3,4,2,3,3,2,2,2,3,2,3,3,3,3,2,2,2,3,2,2,3,3,2,3
3048373,3,4,3,3,4,3,2,2,2,2,3,3,3,3,3,3,3,3,2,3,3,3,4,3,3
3048997,4,4,3,2,3,3,3,3,3,3,3,3,4,3,3,3,3,2,2,2,2,2,3,1,4
3049874,4,4,4,3,4,4,4,4,4,4,4,4,4,3,4,3,4,4,4,3,3,3,3,3,4
3051594,3,3,3,3,3,3,3,3,3,3,4,3,4,3,3,3,3,3,3,3,3,3,4,3,4
3055624,4,4,4,4,4,4,4,4,4,4,4,3,4,4,4,4,4,4,4,4,4,4,4,4,3
3055914,3,3,3,3,3,2,3,3,3,3,3,3,3,3,3,3,3,3,3,1,1,2,3,2,3
3056774,4,4,4,1,4,4,3,3,3,3,4,4,5,3,3,4,5,5,5,3,4,4,4,2,5
3057018,4,4,4,2,4,4,4,4,4,4,4,4,4,4,4,2,2,4,4,2,2,3,4,2,4
3060139,4,4,4,3,4,3,3,4,4,4,4,4,4,4,3,3,3,3,3,3,3,4,4,3,5
3062321,3,3,3,3,3,3,3,3,3,3,3,3,3,2,3,3,3,3,3,3,3,3,3,3,3
3062910,5,5,5,5,5,3,3,3,3,3,3,4,4,4,4,3,3,3,3,3,3,3,3,3,5
3064460,4,4,4,3,3,3,3,3,3,3,4,3,3,3,3,3,3,3,3,3,3,3,3,3,3
3064751,3,3,3,3,3,3,3,3,3,3,3,3,3,3,3,3,3,3,3,3,3,3,3,3,4
3064937,4,4,4,4,4,4,4,4,4,4,4,3,5,4,4,4,4,4,4,4,3,4,4,3,5
3066546,2,4,4,1,3,4,4,4,4,4,4,4,4,4,2,4,4,4,4,4,4,4,4,4,4
3067086,3,3,2,2,2,2,3,3,3,3,2,3,3,3,3,3,2,4,3,3,2,2,2,2,2
3067541,3,4,4,1,3,2,2,2,2,2,4,3,4,3,2,2,2,2,2,2,2,2,2,2,4
3073768,3,3,3,3,3,3,3,3,3,3,3,3,4,3,3,3,3,3,3,3,3,3,3,3,3
3077249,3,3,3,3,3,3,3,3,3,3,3,3,3,3,3,3,3,3,3,3,3,4,3,3,3
3078708,4,4,3,3,5,4,5,5,5,5,5,5,5,4,4,4,4,4,4,4,4,4,4,4,5
3078904,4,4,4,3,3,3,4,3,3,3,4,4,4,3,3,3,3,3,3,3,3,3,4,3,4
3079553,4,4,4,3,4,3,3,3,3,3,4,4,4,3,3,3,3,4,4,3,3,3,4,3,4
3081344,4,5,3,3,4,3,3,3,3,3,4,3,3,3,3,4,3,3,3,3,3,3,3,3,4
3081533,4,4,4,2,2,3,3,3,3,3,4,3,4,3,3,3,3,4,4,3,2,3,3,3,4
3082703,2,2,2,2,2,2,2,2,2,2,2,2,2,2,2,2,2,2,2,2,2,2,2,2,2
3083384,4,3,3,2,2,1,1,1,1,1,3,2,4,3,2,4,3,3,3,3,2,2,4,3,4
3084503,3,3,3,3,3,3,3,3,3,3,3,3,3,3,3,3,3,3,3,3,3,3,3,3,3
3084672,2,3,3,1,2,2,2,2,2,3,2,2,3,2,2,2,2,2,3,2,2,2,3,1,3
3085056,4,4,4,3,3,2,2,2,2,3,3,3,4,2,2,2,2,3,3,2,2,2,4,2,3
3086582,3,3,3,3,3,3,4,4,4,4,4,4,4,4,2,2,3,4,3,2,3,3,4,3,4
3086867,4,4,4,3,4,4,4,4,4,4,4,4,4,3,3,3,4,3,3,3,3,3,4,3,4
3088244,3,3,3,3,3,3,3,3,3,3,3,3,3,3,3,3,3,3,3,3,3,3,3,3,4
3092568,4,4,4,3,4,4,4,4,4,3,4,4,5,4,4,3,4,4,4,3,3,3,4,3,5
3093191,1,2,2,2,3,3,3,3,3,3,1,1,3,3,3,3,3,3,3,3,2,2,2,2,3
3093335,1,1,1,1,1,1,1,1,1,1,1,1,1,1,1,1,1,1,1,1,1,1,1,1,1
3094620,4,4,4,4,4,4,3,3,3,3,4,4,4,4,4,3,3,3,3,2,2,2,2,2,4
3095015,3,4,4,2,2,2,3,3,3,3,3,3,3,3,3,3,3,2,2,3,2,2,3,2,2
3096879,2,3,2,2,2,2,2,2,2,3,2,2,3,3,3,4,2,2,2,1,1,3,2,1,2
3099162,4,4,3,2,4,3,3,3,3,3,4,4,4,3,2,3,3,3,3,3,2,2,3,3,4
3099323,3,4,3,2,4,4,4,4,4,4,3,3,4,3,3,3,4,3,3,3,3,4,3,3,4
3099383,4,4,4,3,4,4,4,4,4,4,4,4,5,4,4,4,4,4,4,4,4,4,4,3,4
3104679,4,5,4,4,4,3,3,3,3,2,5,2,3,2,1,3,3,3,3,2,2,1,4,2,5
3104761,3,3,3,3,3,3,3,3,3,3,3,3,3,3,3,3,3,3,3,3,3,3,3,3,4
3106086,3,3,3,2,3,3,2,2,2,2,3,3,3,3,3,3,3,3,3,3,2,2,3,3,4
3106479,4,4,4,3,3,3,4,4,4,4,4,4,4,3,3,3,3,4,4,3,3,3,4,3,4
3106905,3,4,3,2,3,4,2,2,3,3,4,3,4,3,2,2,3,3,3,1,2,3,3,2,4
3107199,4,4,3,2,4,3,1,1,1,1,4,1,4,2,1,3,3,3,3,1,2,1,3,2,5
3111223,4,4,4,2,4,4,2,2,2,2,4,4,4,3,2,3,3,3,3,3,4,3,4,4,4
3113975,2,2,2,2,2,4,3,2,2,2,4,2,2,2,2,4,5,5,5,4,4,4,4,4,5
3119155,4,4,4,4,4,3,3,3,3,3,4,3,3,4,4,3,3,4,4,3,3,3,3,3,3
3120488,3,4,4,2,3,3,2,1,1,2,3,3,4,3,3,3,3,3,3,4,3,3,4,4,4
3121110,3,3,3,3,3,3,3,3,3,3,3,2,3,3,3,3,2,3,3,3,2,2,3,2,3
3124307,3,3,3,3,3,4,3,3,3,3,3,3,3,3,3,3,3,3,3,3,3,3,3,3,3
3125722,2,4,5,2,4,3,2,2,2,3,4,3,4,1,1,3,4,3,2,1,3,3,4,2,4
3126887,3,4,4,3,3,3,2,2,2,3,2,2,2,2,2,3,3,3,3,2,2,3,3,3,4
3128404,3,4,3,3,3,3,3,3,3,3,3,3,4,3,3,3,3,3,4,3,2,2,2,2,4
3128642,3,3,3,3,3,3,3,3,3,3,3,3,4,3,3,3,4,4,4,3,3,3,3,2,3
3139356,3,4,3,2,3,3,3,3,3,1,3,3,4,2,1,3,3,3,3,3,3,3,3,3,3
3139883,1,2,2,2,2,3,2,2,2,2,2,1,2,2,2,4,4,3,3,1,2,3,4,3,3
3142715,3,4,3,3,3,2,3,2,2,2,4,4,4,3,3,3,2,2,2,2,3,3,3,4,3
3143079,3,3,3,3,2,3,3,3,3,3,2,3,4,4,2,3,3,3,3,1,1,3,3,1,4
3144586,4,4,4,2,2,2,4,3,3,3,4,3,3,3,3,2,3,3,3,4,2,2,4,3,4
3146777,2,2,2,2,2,2,1,1,1,1,1,2,4,1,1,3,3,1,1,1,1,1,3,1,4
3148030,4,3,3,2,3,3,3,3,3,3,4,4,4,4,4,3,3,3,3,3,3,3,4,3,4
3148085,3,4,4,2,3,3,2,2,2,3,4,2,4,2,2,4,4,4,4,1,1,2,4,2,2
3148425,4,4,4,2,3,3,3,3,3,4,3,4,4,3,3,4,3,4,4,1,1,3,4,1,3
3148799,4,5,4,3,3,3,3,4,3,4,4,4,4,4,3,3,3,3,3,3,3,3,4,3,4
3148955,2,3,3,3,3,3,3,2,3,3,3,3,3,3,3,3,3,3,3,4,4,3,3,3,3
3149295,2,2,2,2,2,3,1,1,1,2,3,1,4,2,1,2,2,2,2,2,1,2,3,3,4
3152334,4,4,4,4,4,3,3,3,3,3,3,3,3,3,3,3,3,3,3,3,2,3,4,2,4
3153601,4,4,4,3,3,3,3,3,3,3,3,4,4,4,3,3,3,3,3,3,2,3,3,3,4
3153654,3,3,3,3,3,3,3,3,3,3,3,3,3,3,3,3,3,3,3,3,3,3,3,4,3
3155528,4,4,4,4,4,3,3,3,3,3,3,3,4,4,4,4,4,4,4,4,4,3,3,3,5
3155871,3,3,3,3,3,3,3,3,3,4,3,4,4,4,4,3,3,4,4,3,3,3,4,3,3
3156591,4,4,4,2,4,4,3,3,3,3,4,3,3,3,3,3,3,3,3,3,2,3,3,3,4
3156641,3,3,3,3,3,3,3,3,3,3,3,3,3,3,3,3,3,3,3,4,3,3,4,3,3
3156888,4,3,3,3,3,4,4,4,3,3,4,3,3,2,2,3,3,3,3,3,3,3,4,3,3
3157083,3,4,4,2,3,3,3,3,3,3,3,3,3,3,3,3,3,3,3,3,2,3,3,2,4
3157214,3,3,3,3,3,3,2,2,2,3,4,4,4,3,2,3,3,3,4,3,2,3,3,2,4
3157303,3,4,4,2,4,3,4,3,3,3,3,4,4,3,3,2,2,3,3,3,2,3,3,3,4
3158338,3,3,3,3,3,3,3,3,3,3,3,3,4,3,3,3,3,3,3,3,2,3,3,3,4
3158433,1,1,1,1,1,1,1,1,1,1,2,1,4,1,1,1,1,1,1,1,1,1,4,3,3
3158806,4,4,4,2,3,3,3,3,3,4,3,4,4,4,3,4,4,4,4,3,3,4,4,4,4
3159180,4,4,4,3,3,3,3,3,3,3,4,4,4,4,3,4,3,3,3,3,2,2,3,3,3
3161209,4,4,4,3,4,3,3,3,3,3,4,3,3,2,2,3,3,3,3,3,2,2,3,2,3
3161895,3,3,3,3,3,3,3,3,3,3,3,3,4,3,3,3,3,3,3,1,3,3,3,3,3
3163659,4,4,3,3,4,3,3,3,3,4,3,3,4,3,3,4,4,4,4,4,4,4,4,3,4
3167258,4,5,5,3,3,3,3,3,3,2,3,2,3,3,3,3,3,3,3,3,2,3,3,2,3
3167651,4,4,3,4,4,4,3,3,3,4,4,4,4,3,3,4,4,4,4,3,4,4,4,3,4
3169553,3,4,4,1,4,2,3,3,2,2,3,3,4,3,2,3,3,3,3,4,3,4,4,3,4
3170007,5,5,5,4,4,4,3,3,3,3,4,4,4,4,3,3,3,3,3,3,3,3,3,3,4
3171002,3,3,4,2,3,4,2,2,2,3,3,3,3,3,3,2,2,2,2,2,2,2,2,2,4
3172272,4,4,4,2,4,3,4,4,4,4,4,4,4,4,3,4,4,4,4,4,4,4,4,4,3
3173715,3,4,4,2,4,3,3,3,3,3,3,3,3,3,3,3,3,3,3,3,3,3,3,2,4
3174623,3,3,3,2,3,3,2,2,2,3,2,2,2,2,2,3,3,3,3,1,1,2,2,1,2
3175024,3,3,3,3,3,3,3,3,3,3,3,3,4,3,3,3,3,3,3,3,2,3,3,2,4
3175860,3,3,3,3,3,3,3,3,3,3,3,3,3,3,3,3,3,3,3,3,4,2,3,4,3
3180111,5,5,5,3,3,3,3,3,3,4,5,3,4,3,3,3,3,3,3,3,3,4,4,3,4
3180537,3,3,3,3,3,3,3,3,3,3,3,3,3,3,3,3,3,3,3,3,3,3,3,2,3
3182215,4,4,3,3,3,2,2,2,2,2,4,4,4,3,3,3,3,3,3,2,3,3,4,2,4
3183611,3,4,4,2,3,3,4,3,3,2,4,3,4,3,2,3,3,3,3,3,2,2,3,2,4
3192079,4,4,4,4,4,4,4,4,4,4,5,2,4,3,2,3,3,3,3,3,2,3,3,3,4
3193933,3,4,3,3,4,2,2,3,3,3,3,4,4,3,3,3,3,4,4,3,3,3,4,2,4
3195714,3,3,3,3,3,3,3,4,3,3,4,3,3,3,3,3,3,3,3,3,3,3,3,3,3
3195819,3,2,3,2,2,2,3,3,4,3,3,2,3,4,3,3,3,2,3,3,3,4,3,3,2
3196414,2,2,3,2,3,2,2,1,2,3,2,1,3,3,3,3,3,3,3,2,2,2,2,2,3
3197677,3,4,3,3,3,3,3,3,3,3,3,3,3,4,3,3,3,3,3,3,3,3,3,3,3
3200394,3,3,3,3,3,2,2,2,2,2,3,3,3,3,3,3,3,3,3,3,3,3,3,3,4
3201968,3,3,3,2,2,3,2,2,3,3,3,2,3,2,2,3,3,2,2,2,2,3,3,2,3
3203339,3,3,3,3,3,3,3,3,3,3,2,3,3,2,3,3,3,3,3,3,2,2,3,2,4
3203428,3,3,3,3,3,3,4,4,3,3,3,3,3,3,3,4,4,4,4,4,3,4,4,3,3
3203434,4,4,4,4,4,3,4,4,4,3,4,4,4,3,3,3,4,4,4,3,2,3,4,2,3
3204513,3,4,4,2,3,3,2,2,2,3,3,3,3,3,2,3,3,4,3,1,2,3,3,2,4
3205122,4,4,3,3,4,4,3,3,3,3,4,3,3,3,3,3,3,3,3,3,3,3,3,3,4
3206371,4,4,3,1,3,3,3,3,3,3,4,4,4,2,2,2,3,3,3,1,1,4,3,2,4
3207272,4,4,3,3,3,3,4,3,3,3,3,4,4,3,3,4,4,3,3,3,3,3,3,3,4
3208072,4,4,3,3,4,3,4,4,4,4,4,4,4,4,3,4,4,4,4,2,2,4,4,2,4
3208498,4,5,4,3,2,3,3,3,3,3,3,3,3,1,1,3,3,3,3,3,3,3,3,3,3
3210364,3,3,3,3,3,4,3,3,4,4,4,3,3,3,3,3,3,3,3,3,3,3,3,3,3
3210511,3,3,3,3,4,3,3,3,3,2,3,2,4,3,3,3,4,3,4,3,3,3,4,3,3
3210739,3,3,4,1,1,3,1,1,1,1,3,2,3,1,1,2,2,2,2,1,2,2,2,2,3
3216270,3,3,3,3,3,3,2,2,2,3,3,3,3,3,2,3,3,3,3,2,3,3,3,3,4
3217482,3,3,3,3,3,3,3,3,3,3,3,3,3,3,3,3,3,3,3,3,3,3,3,2,3
3219098,5,5,3,3,3,4,3,3,3,3,5,4,4,4,3,3,4,5,5,2,2,3,4,3,5
3219342,3,4,3,3,4,3,3,3,3,4,3,3,4,3,3,3,3,3,3,3,3,3,3,3,4
3220843,4,4,4,2,3,3,3,3,3,3,3,3,4,4,2,3,3,4,4,2,2,3,3,2,3
3223613,4,4,4,4,3,3,3,3,3,3,2,3,3,3,3,3,3,3,3,3,3,4,3,4,3
3225322,4,4,4,3,4,3,3,3,2,3,3,3,3,3,2,2,2,2,2,2,2,2,2,1,4
3225386,2,3,3,3,1,3,3,3,3,3,3,3,3,3,3,3,3,3,3,3,1,2,3,2,4
3228598,3,3,3,3,3,3,3,3,3,3,3,3,3,3,1,2,2,2,2,2,1,2,2,1,2
3230428,1,1,1,1,1,1,1,1,1,1,4,4,4,4,4,1,1,1,1,1,2,2,2,2,4
3230779,4,4,3,3,3,4,4,4,3,3,4,4,4,3,3,3,3,3,3,3,4,4,4,4,4
3233552,3,3,3,3,3,3,3,3,3,3,3,3,3,3,3,3,3,3,3,3,3,3,3,3,3
3233908,4,4,3,3,4,4,2,2,2,2,4,2,2,2,2,3,4,4,4,2,2,2,4,2,4
3237727,3,3,3,3,3,2,4,4,4,4,3,3,3,3,3,2,2,2,2,2,2,2,2,2,4
3237818,4,5,5,2,2,2,4,4,4,3,4,5,5,4,2,3,4,4,4,3,3,3,4,1,5
3242432,4,4,4,2,4,3,3,4,3,3,3,3,4,4,3,3,3,3,4,4,3,4,4,2,3
3244440,4,4,3,3,4,2,3,3,3,3,3,3,3,2,2,3,3,3,3,3,3,3,4,3,3
3244754,3,4,4,3,3,4,4,4,4,3,4,3,4,3,2,3,3,3,3,3,3,3,3,3,3
3245094,3,4,3,2,2,3,3,3,3,3,2,3,5,3,3,3,4,4,4,1,1,1,4,1,5
3245163,4,4,3,2,2,3,3,3,2,3,4,3,4,2,2,3,2,4,4,3,2,2,4,2,5
3245672,4,4,4,4,4,4,3,3,3,2,4,3,4,4,4,4,4,4,4,4,3,3,4,3,3
3245744,3,3,3,3,3,3,3,3,3,3,3,3,3,3,3,3,3,3,3,3,3,3,3,3,3
3248687,3,4,4,3,3,3,3,3,3,3,3,4,3,3,3,3,3,3,3,3,3,3,3,3,4
3249197,3,4,4,3,4,3,3,3,3,3,4,4,3,3,3,3,3,3,3,3,3,3,3,3,4
3249371,4,4,4,4,4,4,3,3,3,3,4,3,4,3,2,4,2,2,3,3,4,4,4,3,4
3249492,4,4,3,3,3,2,3,3,3,3,3,4,3,3,3,4,2,4,4,4,4,3,4,3,4
3254966,5,5,3,2,3,4,3,4,4,3,5,4,4,3,3,4,4,3,3,3,3,4,4,3,3
3255200,4,4,4,3,3,3,3,3,3,3,3,3,4,3,3,3,3,3,3,3,3,3,3,3,3
3255877,4,4,4,2,4,4,4,4,4,4,4,4,4,3,3,3,3,3,3,3,3,3,4,3,4
3256098,2,4,3,3,4,3,4,3,3,3,4,4,3,3,3,4,4,3,4,3,3,3,3,3,4
3259724,3,5,3,2,3,3,3,3,3,4,4,3,4,2,2,2,4,3,3,3,2,2,3,2,4
3260781,4,4,4,4,4,5,4,4,4,5,4,4,5,5,5,4,4,4,4,4,4,4,4,4,4
3263375,3,3,3,2,2,3,2,2,2,2,3,1,3,2,1,3,3,3,2,3,3,2,2,3,3
3266688,3,4,4,2,3,3,3,3,3,2,4,3,4,3,2,3,3,3,3,2,2,3,3,2,3
3269211,4,4,3,2,3,3,2,3,3,2,4,3,3,3,3,3,3,3,3,2,2,3,4,2,3
3269613,3,3,3,3,3,2,3,3,3,2,4,3,3,3,3,3,3,3,3,3,4,3,4,3,3
3273841,3,3,3,3,3,2,2,2,2,3,4,4,4,4,3,3,3,3,3,2,3,3,3,3,3
3275063,4,4,4,3,3,4,4,4,4,4,4,4,4,4,4,4,4,4,3,3,3,4,4,3,3
3275397,3,3,3,3,4,3,3,2,2,2,3,3,4,2,2,4,4,2,3,1,1,1,2,1,4
3277663,3,4,3,3,3,3,3,3,3,3,4,3,3,3,3,3,3,3,3,3,3,3,3,3,3
3277866,3,3,3,3,3,3,3,3,3,3,3,3,3,3,3,3,3,3,3,2,3,3,3,2,4
3281473,3,3,3,3,3,3,3,3,3,3,3,3,3,3,3,3,3,3,3,3,3,3,3,3,4
3285059,3,3,3,3,3,4,2,2,3,3,3,4,3,3,3,3,3,3,3,4,3,4,4,4,3
3287047,3,3,3,3,3,2,3,3,3,2,3,3,3,3,3,2,2,2,2,2,2,2,2,2,4
3288407,2,2,2,2,2,2,2,2,2,2,2,2,3,2,2,2,2,2,2,2,1,1,1,3,4
3289153,4,4,4,3,4,3,3,3,3,4,4,4,4,4,4,4,4,4,4,3,3,4,4,3,4
3291480,4,5,5,2,5,4,5,4,4,2,5,4,4,1,2,4,4,3,3,2,1,2,5,2,5
3293388,3,3,3,3,3,3,3,3,3,3,4,3,4,2,2,3,3,2,2,2,3,3,4,3,3
3294856,4,4,3,3,3,4,2,2,2,4,4,4,4,4,4,2,2,3,3,1,1,2,2,2,3
3299187,4,4,4,4,4,4,3,3,3,3,3,3,4,3,3,4,3,3,3,3,3,3,4,3,4
3299564,4,4,3,2,2,3,3,3,3,2,4,3,3,3,3,3,3,3,3,3,3,3,2,2,3
3303442,2,3,3,3,4,4,4,4,3,2,4,3,4,4,3,4,4,3,3,4,3,4,4,4,5
3304897,3,3,3,3,3,3,3,3,3,3,3,4,5,3,3,4,4,4,3,1,1,1,3,1,5
3308942,3,3,3,3,3,3,3,3,3,3,3,3,3,3,3,3,3,3,3,3,3,3,3,3,3
3312884,4,3,3,3,3,3,3,3,3,3,4,3,3,2,2,3,3,3,3,3,3,3,3,3,5
3313126,2,3,3,2,3,3,2,2,2,3,2,2,3,1,1,2,2,2,2,2,2,2,2,2,3
3313998,4,4,3,3,3,3,4,4,4,3,3,3,4,4,4,3,3,4,4,3,2,3,4,2,3
3314207,4,4,4,2,4,4,3,3,3,3,4,2,4,2,2,3,3,3,3,2,2,2,4,2,4
3314896,4,4,4,4,4,3,4,4,3,4,4,3,4,4,4,4,4,4,4,3,2,2,4,2,4
3316278,3,3,3,3,3,3,3,3,3,3,4,3,3,2,2,3,3,3,3,3,2,3,3,3,4
3317860,3,4,4,3,4,4,4,4,4,4,3,4,4,4,4,4,4,4,4,4,3,3,3,3,4
3319345,4,4,4,4,4,4,3,3,3,3,3,3,4,3,3,3,3,3,3,3,3,3,3,3,4
3319905,1,1,1,1,1,1,1,1,2,2,1,1,1,1,1,1,1,1,1,1,1,1,1,1,1
3321796,4,4,4,2,4,2,5,4,4,4,4,2,3,1,1,4,4,4,4,2,4,4,5,4,2
3325785,4,4,3,3,3,3,3,3,3,3,4,3,3,3,3,3,3,4,4,3,2,2,3,2,3
3326354,3,3,3,3,3,3,2,2,2,2,2,2,2,2,2,2,2,2,2,2,2,2,2,2,3
3333548,4,4,5,3,4,3,1,1,1,2,1,3,2,1,1,2,2,1,3,1,1,1,4,1,3
3335864,3,3,3,3,3,3,3,3,4,4,3,3,4,3,3,3,3,4,4,4,3,3,3,2,4
3336307,3,4,4,2,3,3,3,2,3,2,3,3,4,4,3,3,2,3,3,3,2,2,3,2,4
3337388,3,4,4,3,3,3,3,3,3,3,3,3,3,4,3,3,3,3,3,3,3,3,3,3,2
3337580,4,4,3,2,2,3,3,3,3,3,4,3,4,3,2,3,3,4,4,3,3,3,3,2,4
3339186,3,4,4,3,3,3,3,3,3,3,3,3,3,3,3,3,3,3,3,3,3,3,3,3,3
3340231,4,4,4,3,3,3,3,3,3,4,4,4,5,3,3,3,3,3,3,2,2,2,3,2,5
3340589,4,4,3,3,3,3,3,3,3,3,3,3,3,3,3,3,3,3,3,3,3,3,3,3,3
3342456,4,4,4,4,4,4,4,4,4,4,4,4,4,4,3,4,4,4,4,3,4,4,4,4,4
3343624,4,4,4,4,3,4,3,4,3,3,4,3,4,3,3,4,4,3,3,3,3,3,4,3,4
3351156,4,4,4,2,4,4,4,4,3,3,4,4,4,4,5,3,4,3,4,3,3,3,4,3,4
3351898,4,4,4,2,2,3,3,3,3,4,3,3,4,3,3,3,3,3,3,2,2,3,3,3,4
3353557,4,5,4,3,4,3,3,3,3,3,3,3,4,4,3,3,3,3,3,1,3,3,3,1,4
3354602,3,3,3,3,3,2,2,2,2,3,3,3,3,3,3,3,3,3,3,3,2,3,3,2,4
3355722,4,4,3,3,3,3,3,3,3,3,4,3,3,3,3,3,3,3,3,3,3,3,4,3,4
3356792,3,4,3,2,4,3,3,3,3,3,3,3,4,3,3,3,3,3,3,2,2,3,3,2,4
3357127,4,4,4,2,4,3,3,3,3,4,4,4,4,3,3,4,4,4,4,2,2,3,3,2,4
3360213,3,3,3,3,3,3,4,3,3,3,4,3,4,3,3,3,3,3,3,3,2,3,3,3,3
3361401,4,4,4,2,2,2,2,2,2,2,3,3,3,3,3,3,3,3,3,3,3,3,3,3,3
3362599,4,4,4,4,4,3,3,3,3,3,4,3,3,3,3,3,3,3,3,3,4,3,4,3,3
3362788,3,3,3,2,3,3,4,3,3,4,3,4,4,2,2,3,3,3,3,3,3,3,3,3,3
3365232,3,3,3,1,3,3,3,3,3,3,3,3,3,3,3,3,3,3,3,3,3,3,3,3,3
3367556,2,2,2,2,2,2,1,1,1,2,2,2,2,1,1,4,3,3,3,2,1,1,2,2,2
3368487,3,3,3,3,3,2,3,3,3,3,4,3,3,3,3,3,3,3,3,3,3,3,3,3,4
3369976,3,3,3,3,3,2,2,2,2,2,3,3,4,3,3,3,3,3,3,3,3,3,3,3,4
3370076,4,4,4,3,4,3,3,3,3,3,3,3,4,3,3,3,3,4,4,3,3,3,4,3,4
3371201,3,3,3,2,3,3,4,4,3,4,2,4,4,3,3,3,3,3,3,3,3,4,4,3,4
3371476,3,4,4,2,3,3,4,4,4,2,3,4,4,2,4,2,4,4,4,3,2,3,3,3,3
3372077,2,2,2,3,3,4,2,2,2,3,3,2,4,2,2,3,4,3,3,3,2,2,3,3,4
3373221,4,4,4,2,3,4,3,3,3,3,4,4,4,3,3,2,2,3,3,2,1,3,4,2,4
3375912,3,4,4,2,4,3,3,3,3,3,3,4,3,3,2,3,3,2,2,4,3,2,3,3,3
3376344,3,3,3,3,3,3,3,3,3,3,3,3,3,3,3,3,3,3,3,3,3,3,3,3,3
3376423,4,4,3,3,3,3,2,4,4,3,2,4,4,4,4,2,2,2,2,2,2,2,2,3,4
3379166,4,4,4,2,3,3,4,3,3,3,2,3,2,3,3,4,3,3,3,1,1,2,3,3,4
3379849,1,1,1,1,1,1,1,1,1,1,1,1,1,1,1,2,1,1,1,2,2,1,2,3,2
3380584,2,3,2,1,4,2,3,3,3,3,3,3,4,2,2,3,3,3,3,1,2,3,3,1,3
3381835,1,4,4,2,3,2,3,3,3,3,2,3,4,2,2,2,2,2,2,2,2,3,2,2,3
3382485,3,3,3,3,3,3,3,3,3,3,3,3,2,2,2,2,2,2,2,3,3,3,3,3,3
3382593,3,3,3,3,3,3,3,3,3,3,3,3,3,3,3,3,3,3,3,3,3,3,3,3,3
3384668,3,3,3,2,3,3,2,2,2,2,2,2,2,3,2,2,2,3,3,3,2,3,3,3,3
3385208,4,4,4,4,4,4,4,4,4,4,4,4,4,4,3,3,3,3,3,3,3,3,3,3,3
3386235,2,2,2,2,2,2,2,2,2,2,4,3,2,2,2,4,4,2,2,2,2,3,2,2,2
3386662,3,3,3,3,3,3,3,3,3,3,3,3,3,3,3,3,3,3,3,3,3,3,3,3,3
3387839,3,2,2,3,3,3,3,3,3,3,3,2,4,2,2,3,3,3,3,3,3,3,3,3,4
3388113,4,4,4,3,4,3,3,3,3,2,4,4,5,3,3,3,3,3,3,3,3,3,4,3,4
3389717,4,4,4,4,4,4,4,3,3,5,4,4,4,4,4,4,4,4,4,4,3,4,4,3,4
3390103,4,4,3,2,3,3,3,2,2,3,4,4,4,3,3,3,3,3,3,3,3,3,3,3,4
3393386,2,2,2,2,2,4,2,2,2,2,2,3,4,1,1,4,4,3,3,3,3,3,4,3,4
3393407,3,3,3,3,3,3,4,2,2,2,1,4,1,1,1,4,4,1,1,3,4,4,2,2,3
3395754,4,4,4,4,4,3,2,2,2,3,4,4,4,2,1,4,4,4,4,4,3,3,4,3,4
3397498,3,3,3,3,3,3,3,3,3,3,3,3,3,2,3,3,3,3,3,3,3,3,3,3,3
3397564,3,4,4,3,3,4,4,4,4,4,3,3,4,4,3,4,4,3,3,2,2,4,4,3,3
3397644,3,3,3,3,3,3,3,3,3,3,3,3,3,3,3,3,3,3,3,3,3,3,3,3,4
3397688,2,3,2,3,3,2,2,3,2,3,3,2,2,3,2,3,3,2,3,3,2,3,3,2,2
3400792,3,4,4,4,4,3,3,3,3,3,3,3,3,3,3,3,3,3,4,2,1,3,4,1,5
3401097,2,3,3,1,2,1,1,2,2,4,2,3,4,4,3,3,3,2,2,4,4,4,1,1,3
3402679,3,3,3,3,3,3,3,4,3,3,3,3,3,3,3,3,2,3,3,3,2,2,3,3,3
3403042,4,4,3,2,2,4,3,3,3,3,3,4,4,3,2,2,2,2,2,2,2,3,3,3,4
3403911,4,4,3,1,2,3,3,3,3,3,4,2,4,3,3,3,3,3,3,3,3,3,3,3,3
3405289,3,3,3,3,3,3,3,3,3,3,3,3,3,3,3,3,3,3,3,3,3,3,3,3,4
3406897,3,3,3,2,3,3,3,3,3,4,3,3,4,4,3,4,4,4,4,3,3,3,4,3,3
3407186,3,4,4,2,3,3,2,2,2,3,2,2,3,2,2,3,3,3,3,3,2,3,3,3,4
3408282,3,3,3,2,3,3,3,3,3,3,4,3,3,3,3,4,3,3,3,3,3,4,4,3,3
3408953,4,4,3,3,3,3,3,3,3,3,4,3,3,3,3,3,3,3,3,3,3,3,3,3,3
3409351,2,2,2,2,2,3,3,3,3,4,4,4,3,4,2,4,4,3,4,3,5,5,4,5,3
3410061,3,4,4,2,4,3,3,3,3,3,4,3,4,2,2,3,3,3,3,3,2,3,3,3,4
3410818,5,5,5,3,4,3,5,5,5,3,5,5,5,4,3,4,1,4,4,1,1,3,5,1,4
3411854,4,4,4,3,4,3,4,4,4,4,4,4,4,2,3,4,4,3,3,3,3,4,4,3,5
3412444,3,3,3,3,3,3,3,3,3,2,3,3,3,3,3,3,3,3,3,3,3,3,3,2,3
3412573,5,5,5,5,5,2,4,4,2,3,4,3,3,2,2,2,2,2,2,2,2,2,2,2,2
3413854,2,2,2,2,2,1,1,1,1,1,1,1,1,1,1,1,1,1,2,2,2,1,2,2,3
3414136,2,2,3,1,2,2,1,1,1,2,2,2,3,2,1,3,4,2,2,2,1,3,2,2,2
3414208,4,4,4,4,4,4,4,4,4,5,4,4,4,4,4,3,3,3,3,3,3,3,4,4,4
3414484,3,3,3,3,3,3,4,3,3,3,3,3,3,3,3,4,3,3,4,3,3,3,3,3,3
3416238,4,5,3,3,3,2,4,4,4,3,5,5,2,2,2,4,2,3,3,3,3,3,5,3,2
3417411,3,4,3,2,3,2,2,3,3,2,3,3,3,3,2,2,2,2,2,2,2,2,2,2,3
3418287,4,5,4,2,4,3,3,3,3,3,4,4,4,4,3,3,4,4,4,3,1,4,4,3,4
3418480,4,4,3,3,3,3,3,4,3,3,4,2,3,4,4,3,3,4,4,3,2,3,4,2,3
3419607,4,4,5,3,3,2,3,2,2,2,4,2,4,3,4,4,4,4,4,2,2,2,4,3,5
3422504,4,3,3,3,4,3,3,4,3,3,4,3,3,4,4,3,3,3,3,3,3,3,3,3,3
3424557,3,3,3,2,3,3,2,1,2,3,2,3,4,3,2,3,4,4,3,1,1,1,3,2,4
3425106,4,4,4,4,3,4,1,1,1,2,4,4,4,1,1,1,1,2,2,1,2,2,1,1,2
3425129,4,4,4,3,4,3,3,3,3,4,4,4,4,3,3,3,3,3,3,3,2,3,3,3,4
3425488,4,4,4,3,3,3,3,3,3,2,4,4,3,3,3,3,3,3,3,3,3,3,4,3,3
3425896,3,4,3,3,3,3,3,3,3,3,3,3,4,3,3,3,3,3,3,3,3,3,3,3,3
3427090,4,4,3,2,4,3,2,2,2,3,2,3,4,3,3,3,3,3,4,3,2,3,4,3,4
3427433,3,3,3,2,3,3,3,3,3,3,3,3,3,3,3,3,3,4,4,3,3,3,3,3,3
3428033,4,4,4,3,3,3,3,3,3,3,4,4,3,3,3,3,3,3,3,3,3,3,3,3,3
3429472,4,4,4,3,4,4,3,3,3,4,3,3,4,3,3,3,3,3,3,3,3,3,4,3,4
3432813,3,3,3,3,3,3,3,3,3,3,3,3,3,3,3,3,3,3,3,4,3,4,3,4,4
3434688,3,3,3,3,3,3,3,3,3,3,3,3,3,3,3,3,3,3,3,3,3,3,3,3,4
3435223,3,3,3,3,3,3,3,3,4,4,3,4,4,3,3,4,3,3,4,2,2,3,4,2,4
3436166,4,4,3,4,4,4,4,4,4,4,4,4,4,4,4,3,4,4,4,3,3,3,3,3,4
3436526,4,5,4,2,4,3,3,3,3,4,4,4,5,4,3,3,3,3,3,3,3,3,4,2,5
3437617,4,4,4,2,4,4,4,4,2,4,4,4,5,4,4,4,4,4,4,2,2,4,4,2,5
3437965,3,4,4,2,2,3,3,3,3,3,3,3,4,3,2,3,4,3,3,2,2,2,3,1,3
3438162,3,4,4,2,4,4,3,4,3,3,4,2,4,2,2,4,4,4,2,2,2,2,4,2,4
3439383,4,4,4,4,4,2,3,3,3,3,4,4,3,3,3,3,3,3,3,3,3,3,3,3,3
3439420,4,4,3,2,3,3,2,2,2,2,4,3,3,3,3,3,3,3,3,3,3,3,3,3,4
3439957,4,4,4,4,3,3,4,4,4,3,4,3,4,3,3,3,3,3,3,3,3,3,4,3,4
3440206,3,4,3,3,4,4,3,3,3,3,4,3,4,3,2,2,4,3,3,2,2,2,3,2,3
3441723,4,4,4,3,4,4,4,4,4,5,4,5,4,4,4,4,4,3,4,3,3,4,4,3,5
3441844,3,4,3,3,3,4,3,3,3,3,2,3,4,3,3,4,3,3,3,4,3,4,4,3,4
3444781,2,3,3,3,3,3,3,3,3,3,3,3,4,4,3,3,3,3,3,3,3,3,3,3,4
3445208,2,3,3,2,3,3,4,3,3,3,3,3,2,2,2,3,3,3,3,3,4,4,4,2,3
3447026,3,3,3,3,3,3,3,3,3,3,4,4,3,3,3,4,4,4,4,4,3,4,4,4,3
3448332,4,4,4,4,4,4,4,3,3,3,4,3,3,3,3,4,4,4,4,4,4,3,4,4,4
3449375,3,3,3,3,4,4,4,4,4,4,4,4,4,2,2,3,2,2,2,3,3,3,4,4,4
3449715,4,4,4,4,4,3,3,3,3,3,4,1,4,3,3,3,4,1,1,1,3,3,4,4,4
3450010,4,4,4,2,3,3,3,3,3,3,4,4,4,4,4,3,3,3,3,3,3,3,3,3,4
3451981,3,3,3,3,3,3,2,2,3,3,4,4,3,3,4,3,3,3,3,3,2,2,3,3,3
3452877,3,3,4,2,3,3,3,3,3,3,4,2,4,3,2,2,4,4,4,3,3,3,4,3,4
3453705,4,3,3,2,3,3,3,2,2,2,3,3,3,3,3,3,4,4,4,3,2,3,4,3,4
3454913,3,4,4,2,3,3,3,3,3,3,3,4,4,4,4,3,3,3,3,3,3,3,3,3,3
3455224,3,3,4,2,3,3,3,3,3,3,3,3,3,2,2,3,3,3,3,3,2,2,3,2,3
3455390,3,3,3,3,3,2,3,3,3,3,3,3,4,2,2,3,3,3,3,3,2,2,3,2,4
3455545,5,5,5,3,4,3,4,4,4,4,5,5,3,5,5,5,5,5,5,5,3,3,5,3,5
3455724,3,3,2,2,3,3,3,2,2,3,3,3,4,3,3,3,3,3,4,3,3,3,3,3,3
3456214,3,2,3,3,4,4,2,1,3,1,2,2,3,2,2,3,2,3,2,3,1,2,3,2,4
3457733,4,4,3,2,4,4,3,4,4,4,4,4,4,2,2,4,2,2,2,4,4,3,4,3,4
3457993,3,3,3,3,3,3,3,3,3,3,3,3,3,3,3,3,3,3,3,3,3,3,3,3,2
3458717,3,3,3,3,3,3,3,3,3,3,4,4,3,3,4,3,3,3,3,3,3,3,3,3,3
3458856,4,4,4,3,3,3,3,4,4,4,4,3,3,4,4,4,4,4,4,3,3,4,4,3,5
3459961,4,5,4,4,4,3,3,3,3,3,4,3,4,3,3,3,3,4,3,3,2,3,3,2,4
3460109,3,2,3,3,2,2,2,2,2,2,3,2,4,3,3,3,3,3,3,3,3,3,3,3,3
3460309,4,5,4,3,4,3,2,2,2,2,2,4,4,2,2,3,3,3,3,2,2,3,3,3,4
3460821,4,4,4,3,3,3,3,3,3,3,4,3,4,4,3,3,3,3,3,3,3,3,4,3,4
3461232,3,3,3,2,4,3,3,3,3,4,3,4,3,3,3,3,3,3,4,3,2,3,3,3,4
3461619,2,3,4,1,2,3,2,1,2,2,2,3,4,1,2,4,3,2,1,3,3,3,4,3,5
3461892,2,3,3,1,2,1,1,1,1,1,2,2,2,1,1,2,2,2,2,1,1,1,1,1,3
3462269,3,3,3,3,3,3,3,3,3,3,3,3,5,3,3,3,3,3,3,3,3,3,3,3,4
3463057,4,5,4,3,4,4,3,3,2,4,4,3,4,3,2,3,4,3,3,2,1,1,3,1,5
3465355,3,5,5,1,2,1,2,2,2,3,2,2,4,2,1,3,1,4,4,1,1,1,3,1,4
3466190,3,3,3,3,3,3,3,4,2,1,4,2,2,2,2,2,2,2,2,2,1,1,1,1,3
3466471,1,1,1,1,1,1,1,1,1,1,1,1,3,1,1,1,1,1,1,3,4,4,4,4,1
3466696,3,3,3,3,3,3,3,3,3,3,3,3,3,3,3,3,3,3,3,3,3,3,3,3,3
3466811,4,4,3,3,4,3,2,2,2,2,2,2,3,2,2,3,3,3,4,3,3,3,2,2,3
3466855,4,4,4,3,3,3,3,3,3,4,4,3,4,3,3,3,4,4,4,2,2,3,3,2,4
3467417,5,5,5,5,3,4,4,4,4,4,3,3,4,3,3,3,3,2,4,3,3,4,4,3,2
3468507,4,4,4,3,3,3,3,3,3,3,4,4,4,4,3,3,3,3,3,3,3,3,4,2,4
3469057,2,2,2,2,3,4,3,3,3,4,3,3,4,2,2,3,2,2,2,1,2,2,2,1,3
3469175,4,4,3,3,4,4,4,4,4,4,3,3,4,4,3,4,4,4,4,2,2,3,2,2,3
3469895,4,4,4,3,3,2,3,3,3,3,3,3,3,3,3,3,3,3,3,3,3,3,3,2,3
3473703,3,4,4,2,4,3,3,3,3,3,3,3,4,2,2,3,3,3,3,3,2,2,4,2,4
3474478,3,4,3,3,3,3,3,3,3,3,4,3,3,3,3,3,3,3,3,3,3,3,3,3,4
3474686,2,2,2,2,2,2,2,2,2,3,1,2,2,2,2,2,2,2,2,2,2,2,2,2,2
3474770,4,4,3,3,3,3,3,3,3,3,4,4,5,3,3,4,3,3,3,3,3,3,4,3,5
3475186,4,4,4,3,3,3,3,3,3,3,3,3,4,3,3,3,3,3,3,3,2,3,3,2,3
3475328,2,5,4,1,4,3,2,1,3,3,3,3,4,3,2,3,3,3,3,2,1,3,3,1,4
3476515,4,4,3,3,3,3,3,3,3,3,4,3,5,3,3,3,4,4,4,2,2,3,4,2,5
3476640,3,3,3,3,3,3,3,3,3,3,3,3,3,3,3,3,3,3,3,2,3,3,3,3,2
3482515,4,4,3,3,4,4,4,4,4,3,4,3,3,3,4,4,4,3,4,4,2,3,4,3,4
3484469,3,4,4,2,3,3,3,3,3,3,4,4,4,4,4,3,3,3,3,3,2,3,3,2,4
3484760,3,3,3,3,3,3,3,3,3,3,3,3,3,3,3,3,3,3,3,3,3,3,3,3,3
3486984,2,2,3,4,4,4,2,2,2,4,2,3,3,3,3,3,3,2,2,2,2,2,2,2,3
3488622,4,4,4,4,4,4,3,3,3,3,4,4,4,4,4,4,4,4,4,3,4,4,4,4,4
3490225,3,3,3,3,3,3,3,3,3,3,3,3,3,3,3,3,2,2,2,3,3,3,3,2,2
3491842,2,4,4,3,3,4,2,2,2,4,4,2,4,3,3,2,2,2,2,2,2,2,3,3,3
3492553,4,4,4,3,4,4,3,3,3,3,4,4,4,3,3,3,4,3,4,3,3,3,3,3,4
3492730,4,4,4,3,4,4,3,3,3,3,3,3,3,3,3,3,3,2,3,3,2,3,3,1,3
3493657,3,3,3,3,2,2,3,2,2,2,3,3,3,3,3,3,4,4,3,3,3,3,4,3,3
3493927,2,2,2,2,2,3,2,2,2,3,2,2,3,3,3,3,3,2,2,3,2,3,2,1,2
3493966,4,3,4,3,3,3,3,4,3,3,4,3,3,3,3,3,3,4,3,3,4,3,3,3,3
3495238,3,3,3,3,3,3,3,3,3,3,3,3,3,3,3,3,3,3,3,3,3,3,3,3,3
3495754,3,3,3,3,3,3,3,3,3,3,3,3,3,3,3,3,3,3,3,3,3,3,3,3,3
3495921,4,5,4,3,4,4,3,3,3,3,4,4,3,3,3,3,3,3,3,3,3,3,3,3,3
3496479,3,3,3,3,3,3,2,2,2,2,3,3,3,3,4,3,3,3,3,3,3,3,3,3,3
3497412,3,4,3,3,3,3,3,2,2,2,3,2,3,2,2,3,3,3,2,2,1,2,3,2,3
3497713,3,5,3,3,4,3,3,3,3,3,3,3,3,3,3,4,4,4,4,2,3,3,4,3,5
3498737,3,3,3,3,3,2,2,2,2,2,3,3,3,3,3,3,3,3,3,3,3,3,3,3,3
3498948,4,4,3,3,4,3,3,3,3,3,3,3,3,4,3,3,3,3,3,3,3,3,3,3,3
3499018,3,4,4,2,3,3,3,3,3,3,3,3,3,3,3,3,3,3,3,2,3,3,3,2,4
3502215,3,5,4,2,4,3,3,3,3,3,4,3,4,3,2,4,3,3,3,1,1,2,4,1,5
3502851,3,3,3,3,3,3,3,3,3,3,3,3,3,4,3,3,3,4,3,3,3,3,3,3,3
3503280,4,4,5,5,4,2,2,2,2,3,3,4,4,3,4,3,3,3,4,2,4,3,3,3,4
3505239,2,3,4,2,3,3,2,2,2,3,3,3,3,2,2,3,3,3,3,2,2,2,2,2,3
3506559,3,5,4,3,4,3,4,4,3,4,4,3,3,3,3,3,3,3,3,3,3,3,3,3,4
3507758,4,4,4,4,4,4,4,4,4,4,4,4,4,4,4,4,4,4,4,4,4,4,4,4,4
3509422,4,4,4,2,4,3,3,3,3,4,3,4,4,4,3,3,3,3,3,3,2,3,3,2,3
3509621,4,4,4,4,3,4,4,4,4,4,4,3,3,3,3,2,4,4,4,3,2,3,4,3,4
3510128,3,4,4,1,3,3,1,1,2,2,3,3,4,2,2,1,2,3,3,2,1,2,4,1,4
3511609,3,4,3,3,3,3,2,2,2,2,2,2,3,3,3,3,3,3,3,3,3,3,3,3,4
3513426,1,4,1,1,1,1,1,1,1,1,1,1,2,1,1,1,1,1,1,1,3,4,1,1,4
3514770,4,4,4,4,4,3,3,3,3,3,4,3,3,2,2,2,2,2,2,2,2,2,3,2,4
3515186,3,4,3,2,2,3,3,3,3,3,4,3,4,4,3,3,3,3,3,3,3,3,3,3,3
3515197,3,3,3,3,3,3,3,2,3,3,2,4,3,3,3,3,3,3,4,3,3,3,4,3,3
3516598,3,4,4,2,2,3,2,3,3,2,4,3,4,2,2,2,2,2,2,2,2,2,2,2,4
3516629,3,3,3,3,3,3,2,2,2,4,4,3,4,2,2,3,3,3,2,2,3,3,4,2,4
3516659,4,3,3,3,3,3,3,2,3,3,4,4,4,2,2,2,2,2,2,2,2,2,4,2,3
3517650,3,3,3,3,3,3,3,3,3,3,3,3,3,4,3,3,3,3,3,3,3,3,3,3,3
3520814,4,4,4,3,3,3,3,2,2,3,4,3,4,3,3,3,3,3,3,3,3,3,3,3,4
3521231,3,3,3,3,3,3,3,3,3,3,3,3,3,3,3,3,3,3,3,3,1,3,3,1,3
3522176,3,2,2,3,4,3,3,3,3,3,3,4,4,4,3,3,3,3,3,3,3,3,3,3,3
3523599,4,4,4,3,3,3,3,3,2,3,3,3,4,3,2,3,4,4,3,2,2,3,3,2,4
3523863,3,3,3,3,3,3,3,3,3,3,3,3,3,3,3,3,3,3,3,3,3,3,3,3,3
3525744,4,4,3,2,4,3,3,3,3,2,3,3,3,3,3,3,3,3,3,3,2,2,3,4,4
3526567,4,4,4,3,4,2,3,3,3,3,4,3,4,2,2,2,2,2,2,1,1,2,3,2,4
3529963,4,4,4,2,2,2,2,2,1,1,3,1,3,1,1,1,3,2,1,1,1,1,1,1,1
3531204,3,3,3,4,4,4,3,3,3,3,4,4,3,3,3,4,4,4,4,3,4,4,4,4,4
3532433,3,3,3,3,3,3,3,3,3,3,3,2,3,3,2,3,2,3,3,3,3,3,3,3,3
3532445,4,4,4,2,2,3,4,4,4,3,4,4,4,3,3,4,3,3,4,3,3,3,4,3,3
3533265,4,5,4,2,4,3,3,3,3,3,3,3,3,3,3,2,4,4,4,3,3,3,3,3,3
3534733,3,3,3,3,3,3,3,3,4,4,4,3,4,3,2,3,3,3,3,3,3,3,3,3,4
3537028,4,4,3,3,3,3,3,3,3,3,3,3,3,2,2,3,3,3,3,3,3,3,3,3,4
3537842,4,4,4,2,2,2,2,2,2,2,3,2,3,3,3,3,3,2,2,2,2,2,2,1,2
3543147,3,2,3,3,2,3,3,2,4,3,3,2,3,3,2,2,3,3,4,3,2,2,4,3,4
3545190,4,4,5,2,3,3,2,1,2,3,4,2,4,2,2,2,4,3,3,2,2,2,3,2,5
3545680,3,3,3,3,3,2,3,3,3,3,3,3,3,3,3,3,3,3,3,3,3,3,3,2,3
3545917,4,4,4,4,4,2,4,4,3,4,3,3,4,3,3,3,4,3,4,3,3,3,4,3,4
3547047,4,4,4,3,3,3,3,3,3,2,3,3,3,2,2,3,3,3,3,3,3,3,4,3,4
3549407,3,3,3,3,5,5,3,3,3,3,5,5,5,1,5,5,5,5,5,5,5,5,1,5,1
3550949,3,4,4,3,3,3,3,3,3,3,4,3,3,3,3,3,3,3,3,3,3,3,3,3,4
3552745,4,4,4,3,3,2,3,3,3,3,4,3,3,3,3,3,3,3,3,3,3,3,4,2,3
3555322,2,2,2,2,3,3,2,2,2,2,1,2,2,2,2,2,2,2,2,2,2,2,2,3,5
3556194,4,4,3,2,4,2,2,2,2,2,4,1,2,1,1,4,3,3,3,3,1,1,4,2,4
3556871,4,4,3,2,3,2,3,3,3,2,4,2,3,2,2,3,3,3,3,2,2,3,4,2,4
3557718,3,4,4,3,4,3,3,3,3,4,3,4,4,3,3,3,3,3,3,3,3,3,4,3,4
3558320,3,3,3,3,3,2,2,2,2,2,3,2,2,2,2,2,2,2,2,2,1,2,2,2,2
3562385,3,3,3,3,3,3,4,4,3,3,4,3,3,3,3,3,3,3,3,3,3,4,4,4,4
3565434,4,4,4,2,2,3,3,3,3,3,5,4,4,3,2,3,3,3,3,3,3,3,3,3,4
3565913,3,3,3,3,3,4,2,2,2,4,2,3,4,4,2,3,2,4,2,4,4,1,4,4,1
3571309,3,3,3,3,3,3,3,3,3,3,3,2,4,2,1,3,3,2,2,1,1,3,3,3,3
3572016,4,5,5,3,5,4,2,1,2,2,4,3,5,3,2,4,4,3,4,4,5,3,4,2,4
3572989,4,4,5,2,2,1,2,2,2,3,2,4,3,4,3,2,2,2,2,2,1,1,1,1,4
3574000,4,4,4,3,4,2,4,4,4,4,4,4,4,4,4,3,3,3,3,3,3,3,3,3,4
3574625,3,3,3,3,3,3,3,3,3,3,3,3,3,3,3,3,3,3,3,3,2,3,3,3,4
3575143,4,4,3,3,1,2,2,2,2,3,3,4,4,3,2,2,2,3,3,3,2,2,3,3,4
3575209,3,3,3,2,2,2,3,3,3,2,3,3,3,2,2,3,3,3,3,3,3,3,3,3,4
3575611,3,4,3,3,3,4,3,4,3,3,4,4,4,5,3,3,4,4,4,3,1,1,3,1,4
3578599,3,3,3,2,3,3,3,3,3,3,3,3,3,2,2,2,3,3,3,2,2,3,3,2,4
3579255,2,4,4,3,4,4,3,3,3,3,3,4,4,3,3,3,3,3,3,3,2,3,3,3,4
3582496,4,4,3,3,4,4,4,4,4,4,4,3,4,4,3,3,3,3,3,3,3,3,3,2,3
3582663,4,4,3,4,4,4,3,3,3,3,3,4,3,3,3,3,3,3,3,3,3,3,3,3,3
3583116,2,4,3,1,1,3,2,1,1,1,2,1,4,3,1,2,4,4,4,2,3,3,4,3,4
3583404,3,4,3,3,3,3,3,3,3,3,3,2,3,3,3,3,3,3,3,3,2,2,2,2,2
3583426,4,5,4,3,3,3,4,3,3,4,3,4,4,4,3,3,4,4,4,3,3,3,3,3,4
3583601,4,4,3,3,4,4,3,3,3,3,4,4,4,4,4,4,4,4,4,4,3,3,3,3,4
3585527,3,3,3,3,3,3,4,4,4,4,4,4,4,4,3,3,4,4,4,2,3,3,4,2,4
3585862,4,3,3,2,3,3,3,3,3,3,4,4,4,3,3,3,3,3,3,3,3,3,4,3,4
3586309,2,2,2,2,2,2,2,2,2,2,2,2,2,2,2,2,2,2,2,2,2,2,2,2,2
3587150,4,4,4,4,4,3,3,3,3,3,4,4,3,3,3,3,3,3,3,3,2,2,2,2,2
3587243,3,3,3,2,2,3,3,3,3,2,3,2,3,3,3,3,3,3,3,3,1,1,3,1,3
3589158,3,3,3,2,4,3,3,3,3,3,3,3,3,3,3,4,4,3,4,3,3,3,3,3,4
3591498,2,3,3,3,4,3,3,3,3,3,3,2,3,3,2,3,3,3,3,3,3,3,3,3,3
3592733,3,4,5,2,3,4,2,2,2,3,5,3,5,5,2,2,3,3,3,3,2,2,3,1,5
3593160,3,4,3,3,3,3,3,3,3,3,3,3,3,3,3,3,3,3,3,3,3,3,3,4,3
3593918,3,3,3,3,3,3,3,3,3,3,3,3,4,3,3,3,3,3,3,3,3,4,3,3,3
3594209,4,4,4,2,2,3,3,3,3,3,3,4,4,3,3,3,3,3,3,3,4,4,3,3,3
3596063,1,2,3,1,4,4,1,1,1,2,1,3,4,4,3,3,3,3,3,4,2,4,3,3,3
3596138,3,3,3,2,3,3,3,3,3,3,4,3,3,3,3,3,3,3,3,3,3,3,3,3,2
3598277,4,5,5,2,5,3,4,4,4,3,4,3,2,2,3,2,2,3,4,4,4,3,2,3,4
3599701,3,3,3,3,3,3,3,3,3,3,3,3,3,3,3,3,3,3,3,3,3,3,3,3,3
3602202,3,3,3,3,3,3,3,3,3,3,4,3,3,3,3,3,3,3,3,3,3,3,3,3,3
3602335,3,3,3,3,4,4,3,4,3,3,4,3,3,3,3,4,4,3,3,3,3,3,4,3,4
3603188,4,5,4,4,5,4,4,4,4,5,4,4,4,4,4,4,4,4,4,4,5,5,5,3,5
3603205,4,5,4,3,4,4,4,4,4,4,4,4,4,4,3,3,4,4,4,3,3,4,4,4,4
3603969,2,2,3,3,3,2,2,2,2,2,2,1,3,2,2,2,2,2,2,2,1,2,2,2,3
3604050,2,4,4,2,4,2,2,2,2,3,2,2,4,4,3,2,2,2,2,2,2,2,2,2,4
3604357,2,4,3,1,4,3,2,2,3,3,2,2,3,3,2,3,3,3,3,3,2,2,3,2,4
3604652,4,4,3,3,3,3,3,3,3,3,3,3,3,3,3,2,3,3,3,2,2,3,3,2,4
3606125,3,3,3,3,3,3,3,3,3,3,3,3,3,3,3,3,3,3,3,3,3,3,3,3,3
3608792,3,3,3,3,3,3,3,3,3,3,3,3,3,4,3,3,3,3,3,3,3,3,3,3,3
3608803,3,3,3,3,3,3,3,3,3,3,4,3,3,3,3,3,3,3,3,3,3,3,4,4,3
3612943,4,4,4,3,4,3,3,3,3,3,3,4,4,3,3,3,3,3,3,3,4,3,3,3,4
3613698,5,5,3,3,3,3,3,3,3,2,3,4,5,2,2,3,3,3,3,3,3,3,3,3,3
3614243,4,4,4,3,3,3,3,3,3,3,4,3,4,4,3,4,4,4,4,4,4,4,4,4,3
3615642,2,4,4,3,3,2,2,2,2,4,2,4,5,4,2,3,3,3,3,3,3,3,3,2,4
3616899,3,4,4,3,3,4,3,3,3,3,4,3,4,4,3,3,3,3,3,3,3,3,3,3,4
3616930,4,4,3,2,4,2,4,4,4,3,4,4,4,4,4,2,2,2,2,2,2,2,3,2,2
3617198,3,4,5,3,5,2,2,2,2,3,3,4,5,4,2,3,2,3,3,3,2,4,4,3,5
3617267,4,4,3,2,4,4,3,3,3,4,4,4,4,4,4,4,4,4,4,3,3,3,3,3,3
3617276,4,4,4,3,4,3,3,3,3,3,3,3,4,3,2,3,3,3,3,3,2,4,3,2,3
3618971,3,3,3,3,3,2,1,1,1,1,2,2,2,2,2,2,2,2,2,1,1,1,3,1,2
3620612,4,4,4,3,3,4,2,2,2,2,4,3,4,2,2,4,4,4,4,3,3,2,4,3,4
3620783,4,4,3,3,2,3,3,3,3,3,3,3,4,3,3,3,3,3,3,3,3,3,3,3,4
3620903,3,4,4,2,2,2,3,3,3,3,3,3,3,3,3,3,3,3,3,3,3,3,3,2,4
3622484,4,3,3,3,3,3,3,3,3,4,4,3,4,4,4,3,3,3,3,3,3,3,3,3,3
3624038,3,4,4,1,3,3,3,3,3,3,3,3,3,3,1,3,3,3,3,3,2,2,2,2,3
3625748,3,4,3,3,4,3,4,3,3,3,4,4,3,3,3,4,4,3,3,3,2,4,4,3,4
3625753,4,4,4,4,4,4,4,4,4,4,4,3,3,3,3,3,3,3,3,3,3,3,3,3,3
3629077,4,4,4,3,4,4,3,3,3,4,3,2,3,3,3,3,3,3,3,3,3,3,3,3,3
3629677,1,1,1,1,1,3,1,1,1,3,1,1,4,3,3,4,4,4,4,4,4,4,4,4,4
3630463,4,3,3,3,3,3,4,4,4,4,4,3,5,4,4,4,4,4,4,3,3,3,3,3,4
3631031,4,4,4,3,4,4,4,4,4,3,4,4,3,3,3,3,3,3,3,3,3,3,3,3,4
3632178,4,4,4,4,3,4,3,3,3,3,4,3,4,4,4,4,4,4,4,4,3,3,3,3,3
3632355,3,4,3,1,4,4,2,2,2,3,3,3,3,2,2,3,3,3,3,3,1,2,3,2,4
3632662,3,4,3,2,4,3,3,3,3,3,3,3,3,3,3,3,3,3,3,3,3,3,3,3,4
3633601,3,3,3,3,3,3,3,2,2,4,3,3,3,3,3,4,4,4,3,3,4,2,2,3,3
3633645,4,4,4,3,3,4,3,3,3,3,3,4,4,4,3,3,3,3,3,3,3,3,3,3,3
3636476,3,4,3,2,3,3,2,2,2,3,3,3,4,4,3,3,3,3,4,3,4,3,3,3,3
3637059,3,4,3,2,3,3,3,3,3,3,3,3,4,4,3,3,3,3,3,3,2,3,3,2,3
3637775,4,4,3,3,3,3,5,5,4,3,4,3,3,2,4,4,4,4,4,4,3,4,3,2,3
3638712,2,2,2,1,1,1,1,1,1,4,3,2,2,2,2,1,1,1,1,1,1,1,1,1,5
3639983,4,4,4,4,4,4,3,3,3,2,4,3,3,2,2,2,2,3,3,3,3,3,4,3,3
3640327,2,3,4,1,2,3,3,1,1,1,2,1,3,3,1,3,3,3,3,3,3,4,3,4,4
3640936,3,3,3,3,3,3,3,3,3,3,3,3,4,3,2,3,3,3,3,3,3,3,3,3,4
3641893,4,4,4,2,3,3,2,2,2,2,4,4,4,4,3,3,3,3,3,2,2,3,3,2,4
3643046,3,3,2,1,3,3,2,2,3,3,3,3,4,2,2,2,2,2,3,1,1,2,3,1,4
3646627,4,5,4,4,4,4,4,4,3,4,3,4,4,4,3,3,3,3,3,3,3,3,3,3,3
3650230,4,4,4,4,4,3,4,4,4,2,4,4,4,2,2,3,2,4,4,2,3,3,4,3,4
3651261,3,3,3,3,3,3,3,3,3,3,3,3,3,3,3,3,3,3,3,3,3,3,3,3,3
3651443,4,4,4,2,4,4,3,3,3,4,4,2,4,4,2,3,4,4,4,4,3,2,2,2,5
3654357,4,4,4,3,4,3,3,3,3,3,4,4,4,3,3,4,4,4,4,3,3,3,4,3,4
3654585,3,3,3,3,3,3,3,3,3,3,3,3,3,3,4,3,3,3,3,3,2,2,4,3,4
3655205,3,4,3,2,4,3,2,2,2,3,3,2,2,2,1,4,3,3,3,3,2,3,4,2,4
3655728,5,5,4,3,4,4,5,3,3,3,5,4,4,3,3,3,4,4,4,3,3,4,4,4,4
3656783,4,4,4,4,4,3,4,3,4,4,4,3,3,3,3,3,4,4,4,3,3,3,4,3,3
3657727,3,4,3,3,3,3,3,3,3,3,3,3,3,3,3,3,3,3,3,3,3,3,3,3,3
3657850,3,3,4,2,2,3,3,3,3,3,4,3,3,3,3,2,2,3,3,3,3,3,3,3,4
3658189,3,3,3,3,3,3,3,3,3,3,3,3,3,3,3,3,3,3,3,3,3,3,3,3,3
3658553,4,4,4,3,3,4,4,4,4,3,4,4,4,4,3,2,4,3,3,2,1,2,3,2,4
3660353,4,4,4,4,4,3,2,2,2,2,4,4,4,4,3,3,4,4,4,3,2,4,4,3,5
3662191,4,4,4,3,3,4,4,4,4,4,4,4,4,4,3,4,4,4,4,2,4,4,4,4,4
3662329,4,5,4,4,4,4,4,4,4,4,4,4,4,4,3,4,4,3,3,3,3,3,4,4,5
3664006,3,3,3,3,3,3,3,3,3,3,3,3,3,3,3,4,3,3,4,3,3,3,3,4,3
3664404,3,3,3,2,3,3,3,3,3,3,3,3,3,3,3,2,3,3,3,2,2,3,3,2,3
3664493,4,4,4,4,4,4,4,4,4,4,4,4,4,4,4,4,4,4,4,4,3,4,4,3,4
3665157,4,5,3,2,3,3,3,3,3,4,3,4,4,2,1,2,2,2,2,2,2,2,3,2,3
3667274,3,4,4,3,4,3,3,3,3,4,3,3,4,2,2,4,3,2,3,3,3,3,3,3,4
3667864,2,4,4,3,4,4,4,4,4,4,4,4,4,4,4,4,4,3,3,3,3,3,3,3,3
3670115,4,5,5,3,4,3,3,3,3,4,3,3,4,4,3,3,3,3,3,4,2,3,4,2,4
3670335,4,4,4,1,2,3,3,3,2,2,3,2,4,3,2,2,2,2,2,1,1,2,4,2,5
3671424,3,4,4,2,3,3,3,3,3,3,4,3,3,3,3,3,3,3,3,3,3,3,3,3,4
3672239,5,5,5,3,3,4,3,3,3,2,4,3,3,3,3,3,3,4,3,1,1,2,3,2,4
3673625,4,5,3,4,4,4,3,3,3,3,4,4,3,3,3,3,3,3,3,3,3,3,4,3,4
3674730,5,5,5,2,4,3,4,4,4,3,5,4,4,4,4,4,4,4,4,3,3,4,4,3,4
3676391,3,4,3,3,4,3,2,2,3,3,3,4,4,3,3,4,4,3,3,2,2,2,3,2,3
3676961,4,4,4,4,4,3,3,3,3,3,4,3,4,3,3,3,4,4,4,1,1,3,3,3,4
3677259,2,4,4,2,2,2,2,2,2,2,3,3,3,3,3,3,3,3,3,3,3,3,3,3,4
3677377,3,4,3,3,3,4,4,4,4,4,4,4,4,3,3,4,4,3,3,3,3,3,3,3,3
3677728,4,4,3,3,4,3,3,3,3,4,4,3,4,4,4,3,4,3,4,3,2,3,4,3,4
3678044,4,5,4,4,4,3,3,2,2,2,4,4,4,4,3,3,4,4,4,3,3,4,4,3,3
3679076,3,4,3,3,3,3,2,2,2,2,2,2,3,3,1,1,1,1,1,1,1,1,2,1,4
3680578,4,4,3,2,3,3,3,3,3,3,4,4,3,4,3,2,3,3,3,2,2,3,3,2,4
3680825,4,4,4,3,3,4,3,2,2,3,4,4,4,3,2,3,3,3,3,3,1,3,3,2,4
3682064,1,3,4,1,3,2,1,1,1,1,2,3,4,1,1,3,4,3,3,2,2,3,3,3,4
3682659,4,5,3,3,3,2,1,1,1,1,3,3,3,1,1,4,3,3,3,1,1,1,4,3,5
3682693,3,3,3,3,3,3,3,3,3,3,4,3,3,3,3,3,3,3,3,3,3,3,3,3,3
3682751,3,3,3,3,3,3,2,2,2,3,3,3,3,3,2,3,3,3,4,3,1,3,3,3,3
3683398,4,5,3,3,4,4,4,4,3,3,4,4,4,3,3,3,3,3,3,3,2,3,4,2,4
3683901,3,4,4,2,3,3,3,3,3,3,3,4,4,3,2,3,3,3,3,3,3,3,3,3,4
3684481,2,2,2,2,3,2,3,3,3,3,3,4,3,2,2,2,2,2,3,2,3,2,3,2,3
3684687,4,5,5,3,4,3,3,3,3,3,3,3,4,3,3,3,3,2,2,2,2,2,2,2,4
3684829,4,5,4,3,3,3,3,3,3,3,3,3,4,3,3,3,3,3,3,3,3,3,3,3,4
3685011,5,5,4,3,3,3,3,4,3,3,4,4,3,4,3,3,3,3,4,2,3,4,4,2,4
3687508,3,3,3,4,3,2,3,3,3,2,4,4,4,4,2,3,3,3,3,3,2,3,3,3,3
3690115,3,4,3,3,3,2,2,2,3,3,4,3,3,3,2,3,3,2,2,3,2,2,3,2,4
3691944,5,5,5,4,5,5,4,4,3,3,5,4,4,3,1,2,2,2,2,2,2,2,3,2,3
3692744,2,4,3,1,4,4,4,2,3,4,3,4,4,2,2,4,4,4,3,3,3,3,3,4,4
3694710,3,3,3,3,3,3,3,3,3,3,4,3,3,3,3,3,3,3,3,2,2,2,4,2,3
3694906,3,4,3,3,4,3,3,3,3,3,3,3,4,3,3,3,3,3,3,3,2,2,3,2,4
3696499,3,2,2,2,2,2,3,4,3,3,4,4,3,3,3,4,3,3,3,3,4,3,4,3,3
3698863,3,4,4,2,4,3,3,2,2,4,3,4,2,1,1,3,2,2,2,1,2,3,4,2,2
3700883,4,5,4,3,4,4,3,3,3,4,4,4,3,3,3,3,3,3,3,3,3,3,3,3,4
3701691,4,4,4,4,3,3,3,3,3,3,4,3,4,3,3,3,3,3,3,3,2,2,3,2,4
3704119,4,4,4,2,4,3,3,2,2,2,3,3,3,2,2,4,4,3,3,2,2,2,4,2,4
3704300,4,5,4,3,4,3,2,3,4,4,4,3,3,2,3,2,3,3,3,3,2,3,3,2,4
3704758,3,3,3,2,4,3,3,3,3,3,3,3,4,3,2,3,3,3,3,1,1,3,3,1,4
3704989,3,3,3,3,3,3,3,3,3,3,3,3,3,3,3,3,3,3,3,3,3,3,3,3,3
3706846,4,4,4,2,2,3,3,3,3,4,3,2,4,2,2,2,3,3,3,3,2,2,3,2,4
3706902,4,4,4,4,4,4,4,4,4,4,3,3,3,3,3,3,3,3,3,3,3,3,3,3,4
3707523,4,4,3,2,4,4,4,4,4,2,4,4,4,4,2,2,2,4,4,2,2,4,4,1,3
3707911,4,5,2,2,4,2,3,3,3,3,4,4,4,3,3,3,3,3,3,3,3,3,4,3,4
3712354,3,4,4,2,3,3,2,2,2,3,4,4,4,3,3,3,3,3,3,3,2,2,4,3,4
3713250,3,3,3,4,4,3,3,3,3,3,4,3,3,3,4,3,4,3,3,3,3,4,3,4,3
3713947,3,3,3,3,3,3,3,4,4,4,4,4,3,3,3,3,3,3,4,3,4,4,4,4,3
3714267,4,4,3,1,3,3,3,3,3,4,4,4,4,4,3,3,3,3,3,3,3,3,2,2,3
3716152,4,5,4,4,5,4,4,4,4,4,3,3,5,3,3,3,3,3,3,3,3,3,3,3,5
3717012,3,4,3,3,4,3,3,3,3,3,4,3,4,3,3,3,3,3,3,3,3,3,4,3,4
3719233,3,4,4,2,2,3,3,3,3,3,4,3,4,3,3,3,3,3,4,2,2,2,3,3,4
3721866,4,4,4,3,4,2,3,3,3,3,4,4,4,2,2,3,3,4,4,2,2,2,4,2,4
3721894,2,4,4,2,3,2,3,1,2,4,3,4,3,2,2,3,3,3,3,4,3,4,3,4,4
3722696,4,5,5,3,3,3,3,3,3,3,4,4,4,3,3,3,3,3,3,3,3,3,3,3,4
3723894,3,3,3,3,3,3,2,2,2,2,3,3,4,2,3,2,2,4,4,2,2,2,3,2,4
3724129,3,3,3,2,3,2,2,2,2,2,3,3,3,3,3,3,3,3,3,3,2,3,3,2,4
3724467,4,4,4,2,2,3,3,3,3,3,2,4,4,4,3,4,4,4,4,2,3,4,3,3,3
3724806,4,5,3,3,3,4,2,2,2,3,4,3,3,3,2,4,3,3,3,3,2,3,3,4,3
3724853,3,4,4,2,2,3,4,4,3,3,4,3,4,4,2,2,4,4,2,3,2,2,3,2,5
3725836,3,4,4,3,4,3,4,2,3,4,3,4,4,2,2,3,2,2,2,4,4,4,3,4,3
3728706,2,2,2,2,2,2,2,2,2,1,2,3,4,2,2,2,2,2,2,2,1,2,2,2,2
3729256,2,2,2,2,2,2,2,2,2,2,2,2,2,2,2,2,2,2,2,2,2,2,2,2,2
3729950,5,5,3,3,4,3,3,3,3,3,3,3,3,4,4,3,3,3,3,3,3,3,4,3,3
3730257,3,3,3,2,3,3,3,3,3,3,4,3,4,3,3,3,3,3,3,3,2,3,4,3,4
3731032,3,3,3,3,3,3,2,2,2,1,4,3,3,4,3,2,2,4,3,1,2,2,3,1,3
3732865,3,3,3,3,3,3,3,3,3,3,3,3,3,3,3,3,3,3,3,3,3,3,3,3,3
3733171,4,4,4,3,3,3,3,3,3,3,3,3,4,3,3,3,3,4,4,3,3,4,4,3,4
3737655,4,4,4,2,4,4,4,4,3,4,3,4,4,4,4,2,4,4,4,4,2,3,4,2,4
3739020,3,4,4,4,4,4,4,4,4,4,4,4,4,3,3,3,3,3,3,3,3,3,3,3,4
3739348,2,5,4,1,5,3,3,2,2,4,4,4,4,4,3,3,2,4,4,3,2,4,3,2,5
3739803,3,4,4,2,3,3,3,3,3,3,3,3,4,3,3,3,4,4,4,3,3,3,3,3,4
3739984,4,4,4,3,4,3,3,4,4,3,3,4,5,3,2,3,4,4,3,4,3,4,5,4,5
3742004,4,4,4,3,3,2,2,2,1,1,4,2,2,2,1,2,2,2,2,1,3,2,3,1,3
3742920,3,4,4,2,3,3,2,2,2,3,2,3,3,3,3,3,3,3,3,2,3,3,3,3,3
3743110,4,4,4,4,4,3,3,3,3,3,4,3,3,4,3,4,4,4,4,4,3,3,3,3,3
3744940,5,5,5,3,3,3,3,3,3,3,4,3,3,3,3,4,4,4,3,3,3,3,3,3,4
3746985,4,4,4,2,4,4,4,4,4,4,4,4,4,4,4,4,4,4,4,4,4,4,4,3,4
3747315,2,2,2,2,2,2,2,2,2,2,2,2,2,2,1,1,1,1,1,1,3,3,3,3,4
3747396,4,4,4,2,3,3,2,2,2,3,3,2,3,3,3,3,3,3,3,3,2,2,2,2,4
3749995,4,4,4,1,2,2,1,1,1,1,3,1,2,1,1,3,1,1,1,3,2,1,1,1,4
3752740,4,4,4,4,4,4,4,4,3,3,4,2,3,3,3,3,3,3,3,3,3,3,4,4,4
3752828,3,3,3,3,2,2,2,2,4,4,3,3,3,4,3,3,2,2,3,3,3,4,4,4,3
3754580,3,3,3,2,2,2,2,2,2,2,2,2,2,2,2,2,2,2,2,2,2,2,2,2,3
3755062,3,4,4,3,4,4,3,2,3,4,4,4,4,3,3,4,4,3,3,3,2,2,3,2,4
3756675,4,4,4,4,4,3,3,3,3,3,4,4,4,4,3,2,2,2,2,2,2,2,2,2,4
3758371,4,5,5,3,5,4,4,4,4,3,4,5,4,3,3,4,3,3,3,2,3,2,4,4,5
3760702,4,4,4,3,5,5,3,3,3,4,4,4,4,3,4,4,4,3,4,4,4,4,4,3,4
3760981,1,2,3,2,2,2,2,2,2,2,2,2,2,2,2,2,2,2,2,4,2,2,2,2,2
3762478,4,4,4,3,3,3,2,2,2,2,2,2,2,2,1,2,2,2,2,1,1,2,3,2,3
3764493,4,4,4,2,3,3,3,3,3,3,4,4,4,3,2,3,4,4,4,3,3,3,4,3,3
3764808,4,4,4,2,2,3,3,3,3,3,4,4,4,3,3,4,4,3,3,2,2,3,4,2,4
3764916,4,4,4,4,4,4,4,4,4,4,4,4,4,4,4,4,4,4,4,4,4,4,4,4,3
3765045,3,3,3,3,3,3,3,3,3,3,3,3,3,3,3,3,3,3,3,3,3,3,3,3,4
3765808,3,3,3,3,3,4,3,3,3,4,3,3,3,3,3,4,3,4,3,3,4,4,3,3,3
3787283,3,3,3,3,3,3,3,3,3,3,3,3,3,3,3,2,2,2,2,2,1,2,3,1,3
3791595,4,4,4,3,3,3,3,4,4,3,4,4,4,2,2,3,3,3,3,3,3,3,4,3,3
3792206,3,4,3,2,3,3,3,3,3,4,3,4,3,2,2,3,4,3,3,3,2,3,3,3,4
3792559,3,3,3,4,3,3,2,2,3,3,3,3,3,3,3,4,4,3,3,3,3,4,4,3,4
3793001,2,3,3,2,3,3,2,2,2,3,2,2,3,2,2,3,3,3,3,3,3,3,3,3,3
3793474,3,3,3,3,3,3,2,2,2,2,3,1,3,3,3,3,3,3,3,3,2,1,3,3,3
3793874,5,5,5,5,4,4,4,4,4,4,4,4,4,4,4,4,4,4,4,4,4,4,4,4,4
3794505,4,4,4,3,3,3,3,3,3,3,4,3,3,2,2,3,3,3,3,2,2,2,4,2,4
3796095,2,2,2,2,2,2,2,2,2,2,2,2,4,2,2,2,4,4,4,2,2,2,2,2,4
3798693,4,5,2,2,5,3,4,4,2,2,5,4,5,4,2,3,3,4,4,4,3,4,3,2,3
3801001,3,3,3,3,3,3,2,2,2,1,3,3,4,2,1,3,3,3,3,3,3,3,3,3,4
3801183,4,4,3,3,3,3,3,3,3,3,3,2,3,3,3,3,3,3,3,1,1,2,2,1,4
3804047,2,4,4,3,4,4,4,1,2,4,2,3,4,3,3,3,3,3,3,2,2,2,4,3,5
3804722,4,5,3,3,4,4,3,3,3,4,4,4,4,3,3,3,4,3,4,4,3,3,3,3,3
3805061,4,4,4,4,5,5,5,5,5,5,5,5,5,3,3,5,5,3,4,5,5,5,5,5,3
3805850,4,4,3,3,4,3,3,3,3,2,3,4,4,2,3,3,3,4,4,4,4,3,3,3,3
3808794,4,4,4,4,3,3,3,3,3,3,4,3,4,3,3,3,3,3,3,3,3,3,4,3,4
3809088,4,4,4,4,4,3,3,3,4,3,3,3,3,3,3,3,3,3,3,3,4,4,3,3,4
3811470,3,4,4,3,4,4,4,4,4,4,3,4,4,3,3,4,3,3,3,3,3,4,4,3,4
3814124,4,4,4,3,4,4,3,3,3,4,3,3,4,3,3,3,3,4,4,3,3,4,3,2,4
3815006,4,4,4,3,3,3,2,2,2,2,4,3,4,3,3,3,3,3,3,3,3,3,3,3,4
3816365,3,3,4,3,3,3,2,2,2,2,3,4,4,3,3,3,3,3,3,3,2,3,3,3,4
3817564,3,4,3,2,4,4,3,3,3,3,3,4,3,3,3,3,3,3,3,3,3,4,3,3,4
3820354,3,3,3,3,3,3,3,3,3,3,3,3,3,3,3,3,3,3,3,3,3,3,3,3,3
3820562,3,4,4,2,4,3,2,4,2,3,3,3,4,4,2,3,2,4,3,3,2,3,3,2,3
3820683,3,4,3,3,4,4,4,3,3,4,3,3,3,3,4,4,4,4,3,3,3,3,4,2,3
3823855,3,4,4,2,4,4,3,3,3,3,3,3,5,4,3,3,3,3,3,3,3,3,3,3,5
3824182,3,3,3,3,3,3,3,3,3,3,3,2,3,1,3,3,3,3,3,3,3,3,3,3,3
3824363,3,3,3,3,3,3,3,3,3,3,4,3,4,3,3,3,3,3,3,3,2,2,3,2,3
3826029,3,4,4,3,4,4,2,2,2,3,3,4,4,3,2,3,3,3,3,3,3,3,4,3,4
3827734,3,3,4,2,3,4,2,2,2,3,4,3,4,4,2,3,2,2,3,1,1,3,3,1,4
3828613,4,3,3,3,4,3,3,3,3,3,4,3,3,3,3,4,2,2,2,2,2,2,2,2,3
3829864,4,4,4,4,4,3,3,3,3,3,4,4,4,3,3,4,3,3,4,3,3,3,4,3,4
3829912,4,4,3,2,3,2,3,3,3,3,4,3,3,2,2,3,3,3,3,3,3,3,3,3,3
3830203,3,3,3,3,3,3,3,3,3,4,4,4,4,3,3,3,3,3,3,3,3,3,3,3,3
3830334,3,5,4,1,5,1,3,3,3,3,4,4,4,4,4,4,3,3,4,4,3,3,4,3,5
3830717,2,2,2,2,2,2,2,2,1,2,4,2,4,2,2,4,4,2,2,4,4,2,2,4,4
3830720,3,4,3,3,2,3,1,1,1,3,2,2,3,1,2,3,4,3,3,2,2,2,2,2,3
3830742,2,3,3,3,3,2,3,3,3,3,2,4,4,4,4,3,3,3,3,2,2,4,4,2,4
3838219,2,3,3,4,3,2,2,3,3,4,3,2,2,4,4,3,3,3,2,3,4,3,3,2,2
3849550,4,4,5,3,4,4,2,3,3,3,3,2,3,3,2,2,3,3,4,2,1,3,3,2,3
3849701,3,3,3,3,3,3,2,2,2,2,3,3,3,2,3,3,3,2,2,2,2,2,2,2,3
3851321,4,4,4,4,4,4,4,4,4,4,4,4,4,4,4,4,4,4,4,3,4,4,4,4,5
3852465,3,3,3,3,3,3,3,3,3,3,3,3,3,3,2,3,3,3,3,3,3,3,3,3,3
3852556,1,3,4,1,4,4,1,1,1,4,4,4,4,4,4,4,4,4,4,4,3,4,4,4,4
3852933,4,3,3,3,3,3,2,2,3,3,4,3,4,3,3,3,3,3,3,3,3,3,3,3,4
3854240,4,4,4,2,3,3,2,2,2,3,3,4,4,4,3,3,3,3,4,3,2,3,3,3,4
3854437,3,4,4,2,3,2,3,3,3,3,4,3,4,2,2,3,2,3,3,3,4,4,4,3,4
3854979,4,4,4,3,3,3,4,4,4,4,4,4,3,4,3,3,3,3,3,3,3,3,3,3,3
3856854,3,3,3,3,3,3,2,2,2,2,2,2,2,2,1,2,2,2,2,2,2,2,2,2,3
3857271,4,4,4,4,4,4,4,4,4,4,4,4,3,3,3,4,4,4,4,3,3,3,4,3,4
3859027,2,3,2,2,2,3,2,2,3,3,3,3,3,4,3,3,3,3,3,2,3,3,3,2,3
3860496,3,3,1,1,1,1,1,1,1,1,1,1,1,1,1,1,1,1,1,1,1,5,1,1,2
3860684,1,1,1,1,1,1,1,1,1,1,1,1,1,1,1,1,1,2,2,1,1,1,1,1,1
3860922,3,4,4,2,3,3,3,3,3,2,4,4,4,3,2,4,3,3,4,2,2,3,3,2,4
3860952,4,4,3,3,4,3,3,3,3,3,3,3,3,3,3,4,4,3,3,3,3,3,3,3,4
3861888,3,3,3,3,3,2,2,2,2,2,3,3,3,3,3,3,3,3,3,3,2,3,3,2,4
3862662,3,3,3,2,3,1,2,2,2,2,3,3,3,2,2,3,3,3,3,3,2,2,3,2,4
3865940,3,4,4,2,2,3,3,3,3,3,4,3,4,4,3,3,4,4,4,3,3,4,4,3,4
3866974,4,4,4,4,4,4,4,4,4,4,4,4,4,4,4,4,4,4,4,4,4,4,4,4,4
3867925,3,4,3,3,3,3,2,2,2,2,3,3,4,4,4,3,3,3,3,3,3,3,3,3,3
3868546,4,4,4,4,3,3,3,3,3,3,4,4,4,4,3,4,4,3,3,4,4,3,3,2,4
3868912,3,4,3,3,4,4,4,4,3,5,4,4,3,3,2,2,3,2,2,2,3,4,4,2,5
3870280,3,3,3,3,3,3,2,2,2,2,3,2,2,2,2,3,3,3,3,3,3,3,3,3,2
3870869,2,2,2,2,2,2,2,2,2,1,2,1,2,2,2,2,2,2,2,2,2,2,2,2,2
3870951,2,4,4,2,4,2,3,3,2,4,5,4,4,4,2,2,4,2,2,2,4,4,4,2,2
3871506,5,5,3,4,4,3,3,3,3,3,5,3,3,3,3,3,5,4,4,3,3,3,5,3,4
3871946,4,4,4,3,3,4,2,2,2,3,4,4,3,3,3,3,3,3,3,3,3,3,4,3,3
3873481,4,3,3,2,4,3,3,3,3,3,4,3,3,3,3,4,3,3,3,3,3,3,3,3,4
3874732,4,4,4,1,3,3,3,3,3,3,3,3,3,3,3,3,3,3,3,3,3,3,3,3,4
3876525,4,5,4,3,4,4,3,3,3,3,4,4,3,3,3,3,3,3,3,3,3,3,3,3,3
3876611,4,5,4,2,3,3,3,3,3,4,5,4,4,4,4,3,3,3,3,3,3,3,3,3,4
3877149,3,3,3,3,3,3,3,3,3,3,3,3,3,3,3,3,3,3,3,3,3,3,2,3,2
3879489,3,4,3,1,2,3,3,2,2,3,3,2,4,1,1,3,3,3,3,2,2,3,4,3,4
3879739,3,4,2,3,4,3,3,4,3,3,3,3,4,4,4,3,3,3,3,3,3,4,4,3,3
3880882,3,3,4,2,3,3,2,2,2,3,3,3,4,3,2,2,2,2,2,1,2,2,2,2,3
3881750,3,4,3,3,4,3,3,3,3,4,3,4,4,4,3,3,3,4,4,3,3,3,3,3,4
3882221,3,3,4,4,4,3,2,2,2,3,3,3,4,3,3,3,4,3,3,2,3,3,3,3,4
3882472,4,5,3,3,3,3,3,4,3,3,4,3,3,3,3,3,3,3,3,3,3,3,3,3,3
3882715,4,4,4,4,4,4,2,2,2,2,3,3,3,3,3,4,4,4,4,4,3,3,3,3,3
3883302,3,4,4,2,4,3,2,2,2,2,3,4,4,3,3,3,3,3,3,2,2,2,2,2,3
3883353,3,3,3,3,3,3,3,3,3,3,3,3,3,3,3,3,3,3,3,3,3,3,3,3,3
3883640,3,4,3,3,4,4,1,1,1,2,4,2,5,2,2,2,2,5,2,1,1,1,1,1,5
3883785,2,2,2,2,2,2,2,2,2,2,3,3,3,3,3,3,3,3,3,3,4,4,4,3,3
3885126,4,5,3,3,3,4,3,3,3,4,4,4,4,4,4,4,4,3,3,3,3,4,4,3,5
3885281,3,5,3,5,5,3,3,3,3,3,3,4,4,4,4,3,3,3,3,3,3,3,3,3,5
3885394,3,4,3,2,3,3,3,3,3,4,4,3,4,4,3,3,4,3,4,2,2,3,2,2,4
3885596,1,1,1,1,1,1,1,1,1,1,1,1,1,1,1,1,1,1,1,1,1,1,1,1,1
3886803,4,4,4,3,3,3,3,3,3,3,3,3,4,3,3,3,3,3,3,3,3,3,3,3,4
3886920,3,4,4,2,2,2,2,2,2,3,4,4,3,3,3,3,3,3,3,3,2,2,3,3,3
3887275,3,4,3,2,4,3,3,3,3,3,4,4,4,3,3,4,4,3,4,3,2,3,3,2,4
3887527,4,4,4,4,4,4,3,3,3,3,4,3,3,3,3,4,4,3,3,3,3,3,4,3,4
3887555,3,4,4,1,3,3,1,1,1,3,1,2,3,1,1,1,1,2,2,2,2,2,2,2,4
3888356,4,4,4,3,4,3,2,3,3,4,4,4,3,3,3,2,3,3,3,3,4,3,4,2,3
3889713,3,4,4,3,4,3,2,2,2,3,2,4,4,3,2,3,3,3,3,3,3,3,3,3,3
3891654,3,4,4,2,2,1,1,1,1,3,4,4,3,4,4,4,4,3,4,1,2,4,4,2,4
3892472,4,4,3,2,4,4,3,3,3,3,3,3,3,3,2,3,3,2,2,3,2,3,3,3,4
3893852,4,4,4,4,4,4,4,4,4,4,4,2,4,4,4,4,4,4,4,2,2,2,4,2,4
3894101,4,4,3,3,3,4,3,3,3,4,4,3,4,4,4,3,3,4,4,3,3,3,4,3,3
3895360,3,3,3,1,3,1,3,3,3,1,3,2,3,1,1,1,1,2,2,2,1,1,4,1,5
3895859,3,3,3,3,3,2,2,2,2,3,2,2,2,1,2,3,3,3,3,3,3,3,3,3,3
3896652,3,4,4,2,2,3,3,3,3,4,3,3,3,3,3,3,3,3,3,3,4,4,3,3,3
3897203,3,4,3,2,4,3,3,4,3,3,4,3,3,4,3,4,4,4,4,3,3,3,4,3,3
3898078,4,4,4,3,3,3,3,3,3,4,3,3,4,2,2,4,4,2,4,3,3,3,3,3,4
3898115,3,2,2,2,3,3,3,3,3,3,3,3,3,3,3,3,3,3,3,3,2,1,2,3,3
3899041,3,3,3,3,3,3,3,3,3,3,3,3,3,3,3,3,3,3,3,3,3,3,3,3,3
3901231,3,3,3,3,3,3,2,2,2,2,2,4,4,2,2,2,2,2,2,2,2,2,2,2,4
3902015,3,3,3,3,3,3,3,3,3,3,3,3,3,3,3,1,3,3,3,3,1,3,3,1,4
3902732,3,4,4,3,3,3,4,4,4,3,4,4,4,3,3,4,4,4,4,4,3,3,4,3,4
3905104,4,5,5,3,3,3,3,3,3,3,3,3,4,3,3,3,3,3,3,3,3,3,3,3,3
3905434,3,3,3,3,3,2,2,2,2,2,3,2,3,2,2,2,2,3,3,1,1,1,3,2,3
3905548,4,4,3,3,3,3,3,3,3,2,4,4,4,3,2,3,3,3,3,3,3,3,3,3,4
3906019,3,4,4,2,4,3,3,3,4,4,3,3,4,3,3,4,3,3,3,2,2,3,3,3,5
3907265,3,3,3,3,3,3,2,3,4,3,3,4,4,4,3,3,3,3,3,2,3,3,3,3,4
3907493,3,3,3,2,3,3,2,2,2,3,3,3,3,2,2,3,3,3,3,3,2,2,3,2,3
3907614,3,4,4,2,3,4,3,3,2,2,4,4,3,3,3,3,3,3,3,3,3,3,4,3,4
3908325,4,4,4,3,3,2,2,2,2,3,1,1,2,3,2,3,3,3,3,3,2,2,2,3,3
3914279,3,4,4,3,2,2,3,4,3,3,4,4,4,3,3,3,4,3,3,3,3,3,4,3,4
3914892,4,4,4,1,1,2,2,2,2,4,3,3,4,3,3,4,4,3,3,3,3,3,4,3,4
3914977,2,4,3,3,3,3,4,4,4,3,4,4,4,2,3,3,3,3,3,3,2,2,3,2,4
3915171,3,5,4,2,3,3,3,3,3,3,2,4,4,2,2,3,3,4,4,2,1,2,3,2,5
3915238,4,5,4,3,4,4,3,4,4,3,3,3,3,3,3,3,3,3,3,3,3,3,3,2,4
3915915,4,4,4,2,3,4,4,4,4,3,4,4,4,3,3,3,3,4,4,3,3,3,4,3,3
3916200,4,3,3,3,3,3,3,3,3,3,4,3,3,3,3,3,3,3,3,3,3,3,4,3,4
3916211,5,4,4,3,3,3,4,4,4,4,4,3,3,4,4,3,3,4,4,3,4,3,3,3,3
3916227,4,4,4,2,3,4,3,3,3,4,3,4,4,3,3,3,4,4,4,2,3,4,4,3,5
3916959,3,3,3,3,3,4,3,3,3,3,4,3,4,4,3,3,3,3,3,3,3,4,3,3,5
3917690,3,3,3,3,3,2,2,2,2,2,2,2,4,5,5,2,2,2,2,2,1,1,1,1,5
3918261,4,5,4,3,4,4,3,3,3,3,4,4,4,4,4,3,4,4,4,3,3,4,4,3,5
3918522,4,5,3,3,3,3,3,3,3,2,3,3,2,1,1,2,2,2,2,2,3,3,3,3,3
3918725,4,4,4,4,4,3,3,3,3,3,3,4,4,4,2,3,3,3,3,2,2,2,3,2,4
3919223,2,3,2,2,2,1,3,3,3,3,4,3,4,3,2,3,3,3,3,3,3,3,3,2,4
3920583,2,2,2,2,2,2,2,2,2,3,2,2,2,2,2,2,2,2,2,2,2,2,2,2,3
3921706,3,4,4,2,2,2,4,3,3,2,4,4,4,2,1,3,3,3,4,4,4,3,3,3,4
3921791,3,4,3,3,4,3,3,3,3,3,3,2,4,3,3,5,3,3,4,3,3,3,4,4,3
3922186,4,4,4,3,4,3,3,4,4,4,4,4,4,4,4,4,4,4,4,3,3,3,4,3,4
3923425,3,3,4,3,4,3,1,1,2,3,2,1,3,1,1,3,3,2,2,2,1,1,3,1,4
3923915,3,4,4,3,4,3,3,3,3,4,3,4,4,4,2,3,3,3,3,3,3,4,4,2,3
3924202,3,3,3,1,1,1,1,1,1,1,4,1,1,1,1,1,1,1,1,1,1,1,3,1,1
3924642,2,4,3,3,1,2,1,1,1,1,4,1,4,1,1,2,4,4,1,1,1,1,3,1,1
3924910,4,4,4,3,4,3,3,3,3,4,4,3,3,3,3,3,3,3,4,3,3,3,4,3,4
3925239,2,3,3,3,2,2,2,2,2,2,3,3,3,2,2,3,3,2,3,2,2,2,2,2,3
3925655,2,4,5,2,4,4,2,2,2,4,2,4,3,3,2,3,3,2,4,2,2,2,2,2,5
3926263,4,4,4,3,3,3,3,4,4,3,4,4,4,3,2,4,3,3,3,2,2,4,3,1,5
3926983,4,4,3,3,4,4,3,3,3,3,3,3,3,3,3,3,3,3,3,3,2,3,3,2,4
3927484,2,4,4,1,4,3,3,4,3,2,4,4,4,2,2,2,2,3,3,3,3,3,4,2,4
3928462,3,4,4,3,4,2,3,3,3,3,3,3,4,3,2,4,4,3,3,4,3,4,4,3,4
3929323,3,3,3,3,3,3,3,3,3,3,3,3,4,3,3,3,3,3,3,3,3,3,3,3,3
3930536,4,4,3,2,4,4,3,3,3,4,4,4,4,2,2,3,3,4,4,2,1,1,2,2,4
3932412,4,4,4,3,3,3,3,4,3,4,4,3,3,4,4,4,4,4,4,3,3,3,3,3,4
3932978,4,4,5,4,4,3,3,3,3,4,4,4,4,3,3,3,4,4,4,2,2,4,4,3,4
3933822,3,4,4,2,2,1,3,3,3,3,2,2,4,3,2,4,2,3,2,4,4,3,3,3,4
3935058,1,3,1,3,1,3,1,1,1,1,2,2,2,2,2,2,2,1,2,3,2,2,2,2,3
3935086,4,5,3,1,2,4,2,2,2,3,3,3,2,2,2,4,4,2,3,3,3,2,3,3,5
3936100,4,4,3,3,4,4,4,4,4,4,4,3,3,3,3,2,3,3,2,2,3,3,3,3,3
3936802,4,4,4,4,4,4,4,4,4,4,4,4,4,4,4,4,4,4,4,4,4,4,4,4,4
