Date,LogPI_A,LogPriceIndex_A,LogPriceIndex_B,Display_A,Display_B
20000102,0.022245609,0,-0.127213024,0,0
20000103,0.181521877,0,-0.127213024,0,0
20000104,-1.344690811,0,-0.127213024,0,0
20000105,-0.481190819,0,-0.127213024,0,0
20000106,0.203340924,0,-0.127213024,0,0
20000107,-0.012916225,0,-0.127213024,0,0
20000108,-0.548410384,0,-0.127213024,0,0
20000109,-0.279649901,0,-0.127213024,0,0
20000110,0.4271996,0,-0.127213024,0,0
20000111,0.346441768,0,-0.127213024,0,0
20000113,-1.197250259,0,-0.127213024,0,0
20000114,0.758066727,0,-0.127213024,0,0
20000115,-0.333372198,0,-0.127213024,0,0
20000116,-1.402905627,0,-0.127213024,0,0
20000117,0.03493657,0,-0.127213024,0,0
20000118,0.59602047,0,-0.127213024,0,0
20000120,1.263124153,-0.096014653,0,0,0
20000121,1.659416282,-0.096014653,0,0,0
20000122,1.294627173,-0.096014653,-0.245779014,0,1
20000123,1.426190858,-0.110110083,-0.22174831,0,1
20000124,1.05204682,-0.096014653,-0.006276768,0,1
20000125,1.522648782,-0.096014653,0,0,0
20000126,2.406639273,-0.096014653,0,1,0
20000127,2.123354729,-0.096014653,0,1,0
20000128,1.503149256,-0.096014653,0,1,0
20000129,3.0461163,-0.33728982,0,1,0
20000130,2.096288541,-0.096014653,0,1,0
20000131,0.639606414,-0.096014653,0,1,0
20000201,1.792159549,-0.096014653,0,1,0
20000202,1.874778825,-0.096014653,0,1,0
20000203,0.729218572,-0.096014653,0,0,0
20000204,1.658759468,-0.096014653,0,1,0
20000205,0.829858226,-0.096014653,-0.274191259,1,1
20000206,2.09835091,-0.113369909,-0.02593058,1,0
20000207,1.505077897,-0.096014653,0,0,0
20000208,1.376212026,-0.096014653,0,1,0
20000210,1.840567815,-0.096014653,0,1,0
20000211,1.513118141,-0.101629006,0,0,0
20000212,0.902881045,-0.096014653,0,0,0
20000213,1.837221843,-0.096014653,0,0,0
20000214,1.249725918,-0.096014653,0,0,0
20000215,1.142082016,-0.096014653,0,0,0
20000217,0.767601366,0,-0.166743863,0,0
20000218,-1.129464752,0,-0.166743863,0,0
20000219,-0.314324003,0,-0.398410446,0,1
20000220,0.746284279,0,-0.166743863,0,1
20000221,-0.062348625,0,-0.166743863,0,1
20000222,0.233446444,0,-0.166743863,0,0
20000223,2.563949857,-0.237437077,-0.187699228,1,0
20000224,2.004737474,-0.219628609,-0.166743863,0,0
20000225,1.870153537,-0.219628609,-0.166743863,1,0
20000226,2.19897611,-0.234974807,-0.47358051,1,1
20000227,2.146931783,-0.219628609,-0.166743863,1,1
20000228,2.04391997,-0.219628609,-0.166743863,1,1
20000229,1.896250798,-0.219628609,-0.166743863,1,0
20000301,1.829980682,-0.219628609,-0.166743863,1,0
20000302,2.028431621,-0.219628609,-0.166743863,1,0
20000303,2.04704882,-0.219628609,-0.166743863,1,0
20000304,1.778984278,-0.219628609,-0.166743863,1,0
20000305,2.242881611,-0.219628609,-0.166743863,1,0
20000306,-1.149938916,-0.219628609,-0.166743863,0,0
20000307,-0.285429537,0,-0.166743863,0,0
20000309,-1.308873214,0,-0.166743863,0,0
20000310,-0.099845335,0,-0.166743863,0,0
20000311,0.534191736,0,-0.166743863,0,0
20000312,-0.721734637,0,-0.166743863,0,0
20000313,0.400179104,0,-0.166743863,0,0
20000314,-0.324014002,0,-0.55620863,0,1
20000315,-0.113923746,0,0,0,0
20000316,1.015075692,-0.096014653,0,0,0
20000317,1.22016378,-0.096014653,0,0,0
20000318,2.659736341,-0.171116958,0,1,0
20000319,2.458865699,-0.096014653,0,1,0
20000320,1.742969305,-0.096014653,0,1,0
20000321,1.690105816,-0.096014653,0,1,0
20000323,2.103237587,-0.114507357,-0.010291686,1,0
20000324,1.499985779,-0.096014653,0,1,0
20000325,1.665287023,-0.096014653,0,1,0
20000326,1.454811155,-0.096014653,0,1,0
20000327,1.977440509,-0.096014653,0,1,0
20000328,1.638382198,-0.096014653,0,1,0
20000329,1.069700945,-0.096014653,0,0,0
20000330,1.138014837,-0.096014653,0,0,0
20000331,1.189357902,-0.096014653,0,0,0
20000401,1.085766578,-0.096014653,-0.105739806,0,1
20000402,1.058430499,-0.121531249,-0.179309473,0,1
20000403,-1.183565995,0,-0.166743863,0,1
20000404,-0.245817868,-0.096014653,-0.166743863,0,1
20000406,0.391562203,-0.096014653,-0.166743863,0,1
20000407,-1.283707772,-0.096014653,-0.166743863,0,1
20000408,0.309700486,-0.096014653,-0.166743863,0,0
20000409,0.670141134,-0.096014653,-0.166743863,0,0
20000410,1.460402333,-0.096014653,-0.166743863,0,0
20000411,0.715904168,-0.096014653,-0.166743863,0,0
20000413,0.958937307,-0.096014653,-0.166743863,0,0
20000414,1.67308794,-0.096014653,-0.166743863,0,0
20000415,1.307483181,-0.124090613,-0.166743863,0,0
20000416,1.146377978,-0.096014653,-0.166743863,0,0
20000417,0.988264231,-0.096014653,-0.166743863,0,0
20000418,0.496210721,-0.096014653,-0.079900511,0,0
20000420,-1.184484128,0,-0.052551495,0,0
20000421,0.51617323,0,-0.052551495,0,0
20000422,-0.088697455,0,-0.052551495,0,0
20000423,0.648173815,-0.016568426,-0.065693699,0,0
20000424,0.838999058,0,-0.052551495,0,0
20000425,-0.270790205,0,-0.052551495,0,0
20000426,-1.058137456,0,-0.052551495,0,0
20000427,-0.14698219,0,-0.052551495,0,0
20000428,-0.490112582,0,-0.052551495,0,0
20000429,-0.401010758,0,-0.122729214,0,1
20000430,0.661648514,0,-0.052551495,0,1
20000501,-1.465567542,0,-0.052551495,0,0
20000502,0.955089312,0,-0.052551495,0,0
20000503,-0.352767319,0,-0.052551495,0,0
20000504,-1.439361082,0,-0.052551495,0,0
20000505,0.273340955,0,-0.052551495,0,0
20000506,-0.754947581,0,-0.052551495,0,0
20000507,-0.165344933,0,-0.06589265,0,0
20000508,-0.162118849,0,-0.052551495,0,0
20000509,0.711056601,0,-0.052551495,0,0
20000511,0.460977818,0,-0.052551495,0,0
20000512,-0.047837329,0,-0.052551495,0,0
20000513,0.708260818,0,-0.052551495,0,0
20000514,0.495321437,-0.006181035,-0.072901035,0,0
20000515,-1.170002285,0,-0.052551495,0,0
20000516,-0.047598979,0,-0.052551495,0,0
20000518,1.609993622,-0.096014653,0,0,0
20000519,1.848481004,-0.096014653,0,0,0
20000520,1.356865017,-0.096014653,0,0,0
20000521,1.853847662,-0.096014653,0,0,0
20000522,1.507784259,-0.096014653,0,0,0
20000523,1.909244472,-0.115736783,0,0,0
20000524,1.305301056,-0.096014653,0,0,0
20000525,1.386865953,-0.096014653,0,0,0
20000526,1.211272107,-0.096014653,0,0,0
20000527,1.474761342,-0.096014653,0,0,0
20000528,1.731379583,-0.096014653,0,0,0
20000529,0.938195567,-0.096014653,-0.391905578,0,1
20000530,0.14618251,-0.096014653,-0.391905578,0,1
20000531,1.137006677,-0.096014653,-0.391905578,0,0
20000601,0.161578196,-0.096014653,-0.658787224,0,1
20000602,1.064210862,-0.096014653,-0.207901935,0,1
20000603,-0.307239572,-0.096014653,-0.207901935,0,1
20000604,0.659325632,-0.121531249,-0.216946314,0,1
20000605,-0.080657903,-0.096014653,-0.207901935,0,1
20000606,0.862223511,-0.096014653,-0.207901935,0,1
20000608,0.2749633,-0.096014653,-0.207901935,0,1
20000609,0.241434821,-0.096014653,-0.207901935,0,1
20000610,0.944175935,-0.096014653,-0.207901935,0,0
20000611,1.164505573,-0.096014653,0,0,0
20000612,1.851827996,-0.096014653,0,0,0
20000613,0.932250751,-0.096014653,0,0,0
20000614,-0.975691075,-0.096014653,-0.166743863,0,0
20000615,-0.286431291,0,-0.166743863,0,0
20000616,0.172866398,0,-0.166743863,0,0
20000617,0.019947638,0,-0.166743863,0,0
20000618,0.469203949,-0.012400513,-0.174841073,0,0
20000619,0.571224577,0,-0.166743863,0,0
20000620,0.439021892,0,-0.166743863,0,0
20000622,0.457284857,0,-0.166743863,0,0
20000623,-1.220534893,0,-0.166743863,0,0
20000624,0.06240746,0,-0.166743863,0,0
20000625,0.265485798,-0.008249899,-0.166743863,0,0
20000626,-1.183872133,0,-0.166743863,0,0
20000627,-0.147269919,0,-0.166743863,0,0
20000628,-0.969262617,0,-0.166743863,0,0
20000629,0.126981462,0,-0.166743863,0,0
20000630,-1.197250259,0,-0.166743863,0,0
20000701,0.466011608,0,-0.166743863,0,0
20000702,-0.094218675,-0.01991531,-0.183004384,0,0
20000703,0.882493352,0,-0.166743863,0,0
20000704,0.233509594,0,-0.166743863,0,0
20000705,-1.199964783,0,-0.166743863,0,0
20000706,0.317454231,0,-0.166743863,0,0
20000707,-0.09803374,0,-0.166743863,0,0
20000708,-0.046167681,0,-0.166743863,0,0
20000709,-0.608496651,0,-0.191648191,0,0
20000710,-1.261297871,0,-0.171152393,0,0
20000711,0.091841204,0,-0.166743863,0,0
20000712,-0.480572581,0,-0.166743863,0,0
20000713,-1.26807373,0,-0.166743863,0,0
20000714,0.157824085,0,-0.166743863,0,0
20000715,-0.146046501,0,-0.556351212,0,1
20000716,-0.051263294,-0.030023699,-0.181912084,0,1
20000717,0.364131245,0,-0.166743863,0,0
20000718,0.136965855,0,-0.166743863,0,0
20000719,-0.068903979,0,-0.166743863,0,0
20000720,1.387851128,-0.135545492,0,0,0
20000721,1.431291727,-0.138776513,0,0,0
20000722,1.295600883,-0.135545492,0,0,0
20000723,1.119631656,-0.145270042,-0.05075455,0,0
20000724,0.507497834,-0.135545492,0,0,0
20000725,1.032824548,-0.135545492,0,0,0
20000726,1.267461372,-0.135545492,0,0,0
20000727,1.55729204,-0.135545492,0,0,0
20000728,1.334139899,-0.135545492,0,0,0
20000729,1.416147324,-0.135545492,0,0,0
20000730,1.455001559,-0.135545492,0,0,0
20000731,1.382017804,-0.135545492,0,0,0
20000801,5.005714685,-0.651761964,0,1,0
20000802,0.712475635,-0.135545492,0,0,0
20000803,-1.307251154,-0.135545492,-0.55620863,0,1
20000804,0.695721921,-0.135545492,-0.55620863,0,1
20000805,-0.664490471,-0.135545492,-0.55620863,0,1
20000806,0.012275031,-0.145270042,-0.576011257,0,0
20000807,1.048236081,-0.135545492,0,0,0
20000808,1.357642119,-0.135545492,0,0,0
20000810,1.134877374,-0.135545492,0,0,0
20000811,0.066406932,-0.135545492,0,0,0
20000812,0.770748427,-0.135545492,0,0,0
20000813,0.959459227,-0.155090088,0,0,0
20000814,1.121694834,-0.135545492,0,0,0
20000815,1.052683357,-0.135545492,0,0,0
20000816,0.682914004,-0.135545492,0,0,0
20000817,-0.246339109,0,-0.166743863,0,0
20000818,-1.23051736,0,-0.166743863,0,0
20000819,0.558116912,0,-0.166743863,0,0
20000820,0.116983355,0,-0.166743863,0,0
20000821,-0.170305204,0,-0.166743863,0,0
20000822,-1.283984742,0,-0.166743863,0,0
20000823,-1.213427963,0,-0.183004384,0,0
20000824,0.085557888,0,-0.166743863,0,0
20000825,-1.332366019,0,-0.166743863,0,0
20000826,-1.393269975,0,-0.166743863,0,0
20000827,-0.390238661,0,-0.166743863,0,0
20000828,-0.231111721,0,-0.166743863,0,0
20000829,0.525939262,0,-0.166743863,0,0
20000831,-0.702849956,0,-0.166743863,0,0
20000901,-0.783901544,0,-0.166743863,0,0
20000902,-0.385035618,0,-0.166743863,0,0
20000903,0.177732104,0,-0.166743863,0,0
20000904,0.170195377,0,-0.166743863,0,0
20000905,0.415515444,0,-0.166743863,0,0
20000907,0.022756987,0,-0.166743863,0,0
20000908,0.141563564,0,-0.166743863,0,0
20000909,-1.463718258,0,-0.166743863,0,0
20000910,0.42982184,-0.024956732,-0.186869123,0,0
20000911,-1.098612289,0,-0.166743863,0,0
20000912,0.323792959,0,-0.166743863,0,0
20000913,-1.072952542,0,-0.166743863,0,0
20000914,-0.100749903,0,-0.166743863,0,0
20000915,-0.385715813,0,-0.166743863,0,0
20000916,-0.5982869,0,-0.166743863,0,0
20000917,0.624787843,-0.018658915,-0.191579295,0,0
20000918,-0.183432051,0,-0.166743863,0,0
20000919,-0.571261993,0,-0.166743863,0,0
20000921,1.040257621,-0.135545492,0,0,0
20000922,1.470297281,-0.135545492,0,0,0
20000923,1.265575468,-0.143017507,-0.039152456,0,0
20000924,1.048156845,-0.135545492,0,0,0
20000925,1.282627587,-0.135545492,0,0,0
20000926,1.513824748,-0.135545492,0,0,0
20000927,1.182863841,-0.135545492,0,0,0
20000928,1.170010648,-0.135545492,0,0,0
20000929,1.273940176,-0.135545492,0,0,0
20000930,1.583884838,-0.135545492,0,0,0
20001001,1.346871239,-0.135545492,0,0,0
20001002,1.526629801,-0.135545492,0,0,0
20001003,1.582147052,-0.135545492,0,0,0
20001004,1.117030874,-0.135545492,0,0,0
20001005,1.435484605,-0.135545492,0,0,0
20001006,1.523915739,-0.135545492,0,0,0
20001007,1.663366254,-0.135545492,0,0,0
20001008,1.560511703,-0.14958366,0,0,0
20001009,1.396432536,-0.135545492,0,0,0
20001010,1.537781924,-0.135545492,0,0,0
20001011,0.638658995,-0.135545492,0,0,0
20001012,1.549074763,-0.135545492,0,0,0
20001013,1.32184513,-0.135545492,0,0,0
20001014,1.739857269,-0.135545492,0,0,0
20001015,1.820599958,-0.135545492,0,0,0
20001016,1.82439141,-0.135545492,0,0,0
20001017,0.983202437,-0.135545492,0,0,0
20001019,-0.162402256,0,-0.127213024,0,0
20001020,-1.023888742,0,-0.127213024,0,0
20001021,0.494569583,0,-0.127213024,0,0
20001022,0.203095856,0,-0.127213024,0,0
20001023,-1.00759289,0,-0.132827377,0,0
20001024,-1.19119147,0,-0.127213024,0,0
20001025,-0.984696765,0,-0.127213024,0,0
20001026,0.261689492,0,-0.127213024,0,0
20001027,1.185478222,0,-0.127213024,0,0
20001028,0.370484139,0,-0.127213024,0,0
20001029,0.407968238,0,-0.151184536,0,0
20001030,-1.475449272,0,-0.127213024,0,0
20001031,-0.663975803,0,-0.295677546,0,1
20001101,0.319379159,0,-0.295677546,0,1
20001102,0.49265832,0,-0.295677546,0,1
20001103,0.404108885,0,-0.295677546,0,1
20001104,-0.772189388,0,-0.295677546,0,1
20001105,0.12878079,-0.008249899,-0.305421767,0,1
20001106,-0.415415439,0,-0.295677546,0,1
20001107,-0.41144718,0,-0.295677546,0,1
20001108,0.371063681,0,-0.295677546,0,1
20001109,-0.459005875,0,-0.295677546,0,1
20001110,-1.083160184,0,-0.295677546,0,1
20001111,0.643541023,0,-0.295677546,0,1
20001112,0.019692633,0,-0.295677546,0,1
20001113,0.260066905,0,-0.140217109,0,0
20001114,-0.002663117,0,-0.127213024,0,0
20001115,-1.114813668,0,-0.127213024,0,0
20001116,1.631875258,-0.135545492,0,0,0
20001117,1.213649099,-0.135545492,0,0,0
20001118,1.564358328,-0.135545492,0,0,0
20001119,1.513370444,-0.135545492,0,0,0
20001120,1.350576279,-0.135545492,0,0,0
20001123,1.520273059,-0.152697358,0,0,0
20001124,1.479287228,-0.135545492,0,0,0
20001125,1.569416238,-0.135545492,0,0,0
20001126,1.861943526,-0.135545492,0,0,0
20001127,1.731605546,-0.135545492,0,0,0
20001128,2.447610865,-0.135545492,0,1,0
20001129,2.097945013,-0.135545492,0,1,0
20001130,2.276592513,-0.135545492,0,1,0
20001201,1.855436823,-0.135545492,0,1,0
20001202,4.39885455,-0.467190688,0,1,0
20001203,1.673156257,-0.135545492,0,0,0
20001204,1.614115502,-0.135545492,0,0,0
20001205,1.780663365,-0.135545492,0,0,0
20001206,0.256183405,-0.135545492,0,0,0
20001207,1.035324549,-0.135545492,0,0,0
20001208,1.496747186,-0.135545492,0,0,0
20001209,1.405681075,-0.135545492,0,0,0
20001210,1.319405663,-0.14987923,-0.008569033,0,0
20001211,1.290075503,-0.135545492,0,0,0
20001212,1.018877321,-0.135545492,0,0,0
20001213,1.597180015,-0.135545492,0,0,0
20001214,1.437749612,-0.135545492,0,0,0
20001215,1.503277717,-0.135545492,-0.55620863,0,1
20001216,1.48445861,-0.135545492,-0.207901935,0,0
20001217,1.616366623,-0.135545492,-0.207901935,0,0
20001218,0.626735415,-0.135545492,-0.207901935,0,0
20001219,1.647334503,-0.135545492,0,0,0
20001220,2.190287159,-0.135545492,0,1,0
20001221,3.872201511,-0.467190688,-0.127213024,1,0
20001222,3.472760518,-0.467190688,-0.127213024,1,0
20001223,3.708830241,-0.481651801,-0.147573947,1,0
20001224,3.478961665,-0.467190688,-0.127213024,1,0
20001225,3.012539392,-0.467190688,-0.127213024,1,0
20001226,2.942868784,-0.467190688,-0.127213024,0,0
20001227,2.918472591,-0.467190688,-0.127213024,0,0
20001228,2.909554577,-0.467190688,-0.127213024,0,0
20001229,3.041093541,-0.467190688,-0.127213024,0,0
20001230,3.055923821,-0.467190688,-0.127213024,0,0
20001231,3.00079178,-0.467190688,-0.127213024,0,0
20010101,2.444609593,-0.360707207,0,0,0
20010102,2.326073074,-0.360707207,0,0,0
20010103,1.837858521,-0.360707207,0,0,0
20010104,2.629612709,-0.360707207,-0.127213024,0,0
20010105,2.497602284,-0.360707207,-0.127213024,0,0
20010106,2.466915617,-0.360707207,-0.127213024,0,0
20010107,2.542535763,-0.370659519,-0.127213024,0,0
20010108,2.257443032,-0.360707207,-0.127213024,1,0
20010111,2.06389633,-0.360707207,-0.127213024,1,0
20010112,2.245015241,-0.360707207,0,1,0
20010113,2.527814151,-0.360707207,-0.127213024,1,0
20010114,2.313931269,-0.360707207,-0.127213024,1,0
20010115,-1.204772484,0,-0.127213024,0,0
20010116,0.262664309,0,-0.127213024,0,0
20010117,0.075801713,0,-0.127213024,0,0
20010118,1.54077843,-0.135545492,0,0,0
20010119,0.896488105,-0.135545492,0,0,0
20010120,1.461880348,-0.135545492,0,0,0
20010121,1.645610644,-0.135545492,0,0,0
20010122,0.673998362,-0.135545492,0,0,0
20010123,1.536497288,-0.151806013,0,0,0
20010124,1.509940706,-0.135545492,0,0,0
20010125,1.123930097,-0.135545492,0,0,0
20010126,1.211669011,-0.135545492,0,0,0
20010127,0.91023766,-0.135545492,0,0,0
20010128,1.642354727,-0.135545492,0,0,0
20010129,1.71938409,-0.135545492,0,0,0
20010130,1.309950795,-0.135545492,0,0,0
20010131,1.735267944,-0.135545492,0,0,0
20010201,0.855078048,-0.135545492,0,0,0
20010202,0.92287486,-0.135545492,0,0,0
20010203,1.765256649,-0.135545492,0,0,0
20010204,1.67932404,-0.149758929,-0.012881243,0,0
20010205,1.152329571,-0.135545492,0,0,0
20010206,1.028464529,-0.135545492,0,0,0
20010207,1.390302383,-0.135545492,0,0,0
20010208,0.441299561,-0.135545492,0,0,0
20010209,1.444249472,-0.135545492,0,0,0
20010210,1.648616521,-0.135545492,0,0,0
20010211,1.757772207,-0.135545492,0,0,0
20010212,1.277055661,-0.135545492,0,0,0
20010213,0.942748791,-0.135545492,0,0,0
20010214,1.245742217,-0.135545492,0,0,0
20010215,-1.249615162,0,-0.498389059,0,1
20010216,0.89718863,0,-0.127213024,0,0
20010217,1.119186122,0,-0.127213024,0,0
20010218,0.269973139,0,-0.127213024,0,0
20010219,-0.420682074,0,-0.127213024,0,0
20010220,-0.127806704,0,-0.127213024,0,0
20010222,0.139836945,0,-0.127213024,0,0
20010223,-0.522951804,-0.024956732,-0.145372484,0,0
20010224,0.803706371,0,-0.127213024,0,0
20010225,-0.036331929,0,-0.127213024,0,0
20010226,-0.037937839,0,-0.127213024,0,0
20010227,-0.075107472,0,-0.127213024,0,0
20010228,0.730849048,0,-0.127213024,0,0
20010301,-0.139761942,0,-0.127213024,0,0
20010302,-1.213130742,0,-0.127213024,0,0
20010303,-0.209450224,0,-0.127213024,0,0
20010304,-0.718083666,-0.024956732,-0.569264866,0,1
20010305,-1.113500901,0,-0.127213024,0,0
20010306,-0.108555407,0,-0.127213024,0,0
20010307,0.300429645,0,-0.127213024,0,0
20010308,-1.150572028,0,-0.127213024,0,0
20010309,0.020883211,0,-0.127213024,0,0
20010310,-1.283430726,0,-0.127213024,0,0
20010311,0.986420613,0,-0.127213024,0,0
20010312,-0.020456009,0,-0.127213024,0,0
20010313,0.883097765,0,-0.127213024,0,0
20010314,-0.376722639,0,-0.127213024,0,0
20010315,4.291483042,-0.467190688,0,1,0
20010316,-0.043059489,-0.135545492,0,0,0
20010317,1.291263941,-0.135545492,0,0,0
20010318,0.960503887,-0.135545492,0,0,0
20010319,0.630485419,-0.135545492,0,0,0
20010320,0.95998142,-0.135545492,0,0,0
20010321,0.957112726,-0.135545492,0,0,0
20010322,1.185954299,-0.135545492,0,0,0
20010323,1.292197038,-0.152147601,-0.052551495,0,0
20010324,1.390034681,-0.135545492,0,0,0
20010325,1.100705387,-0.135545492,0,0,0
20010326,1.707959124,-0.135545492,0,0,0
20010327,1.095417398,-0.135545492,0,0,0
20010328,1.48722028,-0.135545492,0,0,0
20010329,0.879821052,-0.135545492,0,0,0
20010330,1.192523448,-0.135545492,0,0,0
20010331,0.178528759,-0.135545492,0,0,0
20010401,1.666211785,-0.135545492,0,0,0
20010402,1.577757576,-0.135545492,0,0,0
20010403,1.370118211,-0.135545492,0,0,0
20010404,0.659712404,-0.135545492,0,0,0
20010405,1.231286906,-0.135545492,0,0,0
20010406,0.763569645,-0.135545492,0,0,0
20010407,1.427897911,-0.135545492,0,0,0
20010408,0.482683682,-0.147716028,-0.511974915,0,1
20010409,1.055872135,-0.135545492,-0.207901935,0,1
20010410,-0.125751205,-0.135545492,-0.207901935,0,1
20010411,0.838668534,-0.135545492,-0.207901935,0,1
20010412,0.792809675,-0.135545492,-0.207901935,0,1
20010413,1.472474915,-0.135545492,0,0,0
20010414,1.409221866,-0.135545492,0,0,0
20010415,0.845874631,-0.135545492,0,0,0
20010416,1.020417441,-0.135545492,0,0,0
20010417,1.490470393,-0.135545492,0,0,0
20010418,1.312368224,-0.135545492,0,0,0
20010419,-0.064850972,0,-0.127213024,0,0
20010420,0.256183405,0,-0.127213024,0,0
20010421,0.37164356,0,-0.127213024,0,0
20010422,0.648412849,0,-0.127213024,0,0
20010423,-0.563038495,0,-0.142838342,0,0
20010424,-1.129464752,0,-0.127213024,0,0
20010425,0.293029679,0,-0.127213024,0,0
20010426,-0.447885824,0,-0.127213024,0,0
20010427,0.286349627,0,-0.127213024,0,0
20010428,0.079043207,0,-0.127213024,0,0
20010429,0.102309619,0,-0.127213024,0,0
20010430,0.485049587,0,-0.127213024,0,0
20010501,0.413245295,0,-0.127213024,0,0
20010502,0.451299644,0,-0.127213024,0,0
20010503,0.850678569,0,-0.127213024,0,0
20010504,0.381553288,0,-0.127213024,0,0
20010505,0.105638332,0,-0.127213024,0,0
20010506,-1.571528339,0,-0.57177903,0,1
20010507,-0.115706808,0,-0.127213024,0,0
20010508,0.068992871,0,-0.127213024,0,0
20010509,0.502196297,0,-0.127213024,0,0
20010510,-1.192406168,0,-0.127213024,0,0
20010511,0.190252927,0,-0.127213024,0,0
20010512,-1.325482222,0,-0.127213024,0,0
20010513,0.322733711,0,-0.127213024,0,0
20010514,-1.155307632,0,-0.127213024,0,0
20010515,-1.319620228,0,-0.127213024,0,0
20010516,-0.371218669,0,-0.127213024,0,0
20010517,0.971098968,-0.135545492,0,0,0
20010518,1.323680768,-0.135545492,0,0,0
20010519,1.213181743,-0.135545492,0,0,0
20010520,1.53270838,-0.135545492,0,0,0
20010521,0.9960557,-0.135545492,0,0,0
20010522,1.6175961,-0.135545492,0,0,0
20010523,1.689090071,-0.160036512,0,0,0
20010524,1.326654181,-0.135545492,0,0,0
20010525,1.590554825,-0.135545492,0,0,0
20010526,1.711365175,-0.135545492,0,0,0
20010527,1.64506509,-0.135545492,0,0,0
20010528,1.823987545,-0.135545492,0,0,0
20010529,1.985238694,-0.135545492,0,0,0
20010530,1.72069815,-0.135545492,0,0,0
20010531,0.655209341,-0.135545492,0,0,0
20010601,1.328025453,-0.135545492,0,0,0
20010602,1.739080771,-0.135545492,0,0,0
20010603,1.192373668,-0.135545492,0,0,0
20010604,1.522343206,-0.135545492,0,0,0
20010605,0.436955775,-0.135545492,-0.391905578,0,1
20010606,-0.998423561,-0.135545492,-0.391905578,0,1
20010607,0.770388261,-0.135545492,-0.391905578,0,1
20010608,0.435099913,-0.135545492,-0.391905578,0,1
20010609,1.641961104,-0.135545492,-0.391905578,0,0
20010610,1.352063452,-0.155670752,0,0,0
20010611,-0.125751205,-0.135545492,0,0,0
20010612,0.986772807,-0.135545492,0,0,0
20010614,0.198146107,-0.135545492,0,0,0
20010615,1.095417398,-0.135545492,0,0,0
20010616,1.405732055,-0.135545492,0,0,0
20010617,1.37436579,-0.141254356,-0.008569033,0,0
20010618,1.01457756,-0.135545492,0,0,0
20010619,1.498024325,-0.135545492,0,0,0
20010620,1.27524099,-0.135545492,0,0,0
20010621,0.246860078,0,-0.127213024,0,0
20010622,0.248140898,0,-0.127213024,0,0
20010623,-0.042101176,-0.012400513,-0.139889937,0,0
20010624,0.151986357,0,-0.127213024,0,0
20010625,0.21815601,0,-0.127213024,0,0
20010626,-1.207167695,0,-0.127213024,0,0
20010627,-0.117783036,0,-0.127213024,0,0
20010628,-0.133072954,0,-0.127213024,0,0
20010629,-0.151575939,0,-0.127213024,0,0
20010630,-1.304541859,0,-0.132264521,0,0
20010701,-1.080108817,0,-0.148893382,0,0
20010702,0.31525884,0,-0.127213024,0,0
20010703,-0.542033551,0,-0.127213024,0,0
20010704,-1.268355063,0,-0.127213024,0,0
20010705,-0.217259608,0,-0.127213024,0,0
20010706,-1.243289667,0,-0.131804238,0,0
20010707,0.394525168,0,-0.132264521,0,0
20010708,-0.570979547,0,-0.703454192,0,1
20010709,-1.219353906,0,-0.127213024,0,0
20010710,0.128117503,-0.012400513,-0.127213024,0,0
20010711,0.386545223,0,-0.127213024,0,0
20010712,-1.289508092,0,-0.127213024,0,0
20010713,-0.134239475,0,-0.127213024,0,0
20010714,-1.405361424,0,-0.127213024,0,0
20010715,0.341283794,-0.01011131,-0.14950421,0,0
20010716,0.32406947,0,-0.127213024,0,0
20010717,-0.159280358,0,-0.127213024,0,0
20010718,-1.219944574,0,-0.127213024,0,0
20010719,0.930558704,-0.135545492,0,0,0
20010720,1.209887699,-0.135545492,0,0,0
20010721,-0.234017548,-0.135545492,0,0,0
20010722,1.47425164,-0.152831128,-0.020690393,0,0
20010723,1.190980646,-0.143017507,0,0,0
20010724,1.314638372,-0.135545492,0,0,0
20010725,0.837883977,-0.135545492,0,0,0
20010726,1.344878257,-0.135545492,0,0,0
20010727,1.25966171,-0.135545492,0,0,0
20010728,1.486179697,-0.135545492,0,0,0
20010729,0.390295043,-0.15415068,-0.485897183,0,0
20010730,0.134102985,-0.135545492,-0.55620863,0,1
20010731,0.699740296,-0.135545492,-0.55620863,0,1
20010801,0.895508193,-0.135545492,-0.55620863,0,0
20010802,1.306772499,-0.135545492,-0.55620863,0,0
20010803,1.569916764,-0.135545492,-0.55620863,0,0
20010804,1.103716201,-0.135545492,-0.55620863,0,0
20010805,1.270028816,-0.139347778,-0.239921747,0,0
20010806,1.083822203,-0.135545492,0,0,0
20010807,-0.510425544,-0.135545492,-0.25082698,0,1
20010808,0.913170605,-0.135545492,-0.25082698,0,1
20010809,-0.54696467,-0.135545492,-0.498389059,0,1
20010810,1.001183143,-0.135545492,-0.498389059,0,1
20010811,1.035074268,-0.135545492,-0.498389059,0,1
20010812,0.844228502,-0.146356408,-0.273598924,0,1
20010813,0.857727056,-0.135545492,-0.25082698,0,1
20010814,0.544727175,-0.135545492,-0.25082698,0,1
20010815,0.593172571,-0.135545492,-0.25082698,0,1
20010816,0.148210027,0,-0.25082698,0,1
20010817,-0.128100003,0,-0.25082698,0,1
20010818,0.820980552,0,-0.25082698,0,0
20010819,0.806191462,0,0,0,0
20010820,-0.585840328,0,0,0,0
20010821,-0.062035391,0,0,0,0
20010823,0.199427025,0,0,0,0
20010824,-1.234598998,0,0,0,0
20010825,-0.596085468,0,0,0,0
20010826,-0.772189388,0,-0.009351689,0,0
20010827,0.736054682,0,0,0,0
20010828,0.570634606,0,-0.127213024,0,0
20010829,-0.10405967,0,-0.127213024,0,0
20010830,-0.552447298,0,-0.127213024,0,0
20010831,0.222518747,0,-0.127213024,0,0
20010901,0.23424663,0,-0.127213024,0,0
20010902,-1.577327859,0,-0.127213024,0,0
20010903,0.251671635,0,-0.127213024,0,0
20010904,-1.191799003,0,-0.127213024,0,0
20010905,0.46203546,0,-0.127213024,0,0
20010906,-1.191799003,0,-0.127213024,0,0
20010907,-1.161587088,0,-0.127213024,0,0
20010908,-1.322821938,0,-0.127213024,0,0
20010909,-0.076729533,-0.037672616,-0.573130878,0,1
20010910,0.054808236,0,-0.391905578,0,0
20010911,0.078321967,0,-0.391905578,0,0
20010912,-0.084034729,0,-0.391905578,0,0
20010913,0.178827668,0,-0.391905578,0,0
20010914,-0.077578135,0,-0.391905578,0,0
20010915,-0.333611004,0,-0.391905578,0,0
20010916,-0.73332897,0,-0.127213024,0,0
20010917,0.424342164,0,-0.127213024,0,0
20010918,0.569161201,0,-0.127213024,0,0
20010919,0.220023424,0,-0.128764615,0,0
20010920,1.593318531,-0.136806367,0,0,0
20010921,1.372929524,-0.135545492,0,0,0
20010922,1.09634214,-0.135545492,0,0,0
20010923,0.808682744,-0.146356408,0,0,0
20010924,1.105636904,-0.135545492,0,0,0
20010925,0.972567182,-0.135545492,0,0,0
20010926,1.318324235,-0.137563656,-0.024180798,0,0
20010927,1.154694359,-0.135545492,0,0,0
20010928,1.008406021,-0.135545492,0,0,0
20010929,1.255500044,-0.135545492,0,0,0
20010930,1.354795694,-0.135545492,0,0,0
20011001,1.589635285,-0.135545492,0,0,0
20011002,1.292804018,-0.135545492,0,0,0
20011003,1.683991328,-0.135545492,0,0,0
20011004,1.450604337,-0.135545492,0,0,0
20011005,1.192373668,-0.135545492,0,0,0
20011006,1.691267931,-0.135545492,0,0,0
20011007,1.207311706,-0.135545492,0,0,0
20011008,1.326265995,-0.135545492,0,0,0
20011009,0.971098968,-0.135545492,0,0,0
20011010,1.26098417,-0.135545492,0,0,0
20011011,0.793243797,-0.135545492,0,0,0
20011012,1.218625081,-0.135545492,0,0,0
20011013,1.763967452,-0.135545492,0,0,0
20011014,1.167503125,-0.142481936,0,0,0
20011015,1.22627085,-0.135545492,0,0,0
20011016,1.294323083,-0.135545492,0,0,0
20011017,1.357123984,-0.135545492,0,0,0
20011018,0.227842072,0,-0.127213024,0,0
20011019,0.63111179,0,-0.127213024,0,0
20011020,0.726187035,0,-0.127213024,0,0
20011021,-0.027615167,0,-0.127213024,0,0
20011022,-0.404798219,0,-0.127213024,0,0
20011023,0.13840037,0,-0.127213024,0,0
20011024,-0.058268908,0,-0.127213024,0,0
20011025,-0.616536078,0,-0.617577576,0,1
20011026,0.161930867,0,-0.617577576,0,1
20011027,0.403467105,0,-0.617577576,0,0
20011028,0.190192451,-0.009908078,-0.646768207,0,0
20011029,0.726556243,0,0,0,0
20011030,0.436336772,0,-0.127213024,0,0
20011031,-0.483351647,0,-0.127213024,0,0
20011101,-0.30576754,0,-0.55620863,0,0
20011102,-0.474991171,0,-0.55620863,0,1
20011103,-0.486430467,0,-0.55620863,0,1
20011104,-0.796831292,0,-0.55620863,0,1
20011105,0.233193887,0,-0.127213024,0,0
20011106,-1.093934699,0,-0.127213024,0,0
20011107,-1.10757203,0,-0.127213024,0,0
20011108,0.427404016,0,-0.127213024,0,0
20011109,0.134674903,0,-0.127213024,0,0
20011110,-1.258176858,0,-0.127213024,0,0
20011111,0.382097415,-0.014184635,-0.135646418,0,0
20011112,0.473851021,0,-0.127213024,0,0
20011113,0.956787259,0,-0.127213024,0,0
20011114,-0.439544422,0,-0.127213024,0,0
20011115,-0.160984419,-0.135545492,-0.617577576,0,1
20011116,-0.035367144,-0.135545492,-0.391905578,0,1
20011117,0.311974765,-0.135545492,-0.391905578,0,1
20011118,0.91904452,-0.135545492,-0.391905578,0,1
20011119,-0.077269635,-0.135545492,-0.391905578,0,1
20011120,0.604525989,-0.135545492,-0.391905578,0,1
20011122,-0.23058248,-0.135545492,-0.391905578,0,1
20011123,0.873870016,-0.135545492,-0.391905578,0,1
20011124,1.344604172,-0.135545492,-0.391905578,0,1
20011125,0.829196025,-0.155090088,-0.41231445,0,1
20011126,1.447562047,-0.135545492,-0.243543627,0,0
20011127,1.314594047,-0.135545492,0,0,0
20011128,1.073269481,-0.135545492,0,0,0
20011129,0.895263365,-0.135545492,0,0,0
20011130,1.44718825,-0.135545492,0,0,0
20011201,1.303035113,-0.135545492,0,0,0
20011202,1.352644693,-0.135545492,0,0,0
20011203,1.471541062,-0.135545492,-0.019819692,0,0
20011204,1.48943512,-0.135545492,0,0,0
20011205,0.610645959,-0.135545492,0,0,0
20011206,0.818710404,-0.135545492,0,0,0
20011207,1.4197716,-0.135545492,0,0,0
20011208,1.768601134,-0.135545492,0,0,0
20011209,0.364460273,-0.149466831,-0.632369991,0,1
20011210,0.8624538,-0.135545492,-0.639231965,0,0
20011211,1.269697214,-0.135545492,-0.658313983,0,1
20011212,0.584292776,-0.135545492,-0.649793572,0,1
20011213,0.037701867,-0.161414872,-0.647661933,0,1
20011214,0.857727056,-0.135545492,-0.661238512,0,1
20011215,1.014730805,-0.135545492,-0.653260252,0,1
20011216,4.169795915,-0.602594788,-0.675182851,1,1
20011217,3.198105378,-0.467190688,-0.649140687,1,1
20011218,2.457817439,-0.467190688,-0.650213042,1,1
20011219,2.746324424,-0.467190688,-0.640996136,1,1
20011220,1.515340589,-0.467190688,-0.651765145,1,1
20011221,1.711678301,-0.472471461,-0.647725646,1,1
20011222,1.975682307,-0.470107964,-0.652858993,1,1
20011223,0.498050432,-0.474440015,-0.678914477,0,0
20011224,-0.030529205,-0.467190688,-0.644992533,0,0
20011225,1.841550134,-0.470674545,-0.224851494,0,0
20011226,1.235995245,-0.467190688,-0.362052615,0,0
20011227,1.136880728,-0.467190688,-0.127213024,0,0
20011228,3.41075107,-0.586379205,-0.127213024,0,0
20011229,2.583971237,-0.467190688,-0.127213024,0,0
20011230,2.495676299,-0.467762171,-0.127213024,0,0
20011231,2.602002422,-0.47204013,-0.133693928,0,0
20020101,1.532862748,-0.467190688,-0.127213024,0,0
20020102,0.948961514,-0.467190688,-0.127213024,0,0
20020103,2.512989619,-0.467190688,-0.127213024,0,0
20020104,1.554225836,-0.467190688,0,0,0
20020105,2.247268652,-0.467190688,-0.127213024,0,0
20020106,2.139363708,-0.483725051,-0.127213024,0,0
20020107,2.626871016,-0.467190688,-0.127213024,0,0
20020108,2.2336382,-0.467190688,-0.127213024,1,0
20020109,2.127959743,-0.482133234,0,1,0
20020110,2.342182348,-0.47515357,-0.127213024,1,0
20020111,1.73664017,-0.471883329,-0.127213024,1,0
20020112,0.339396508,-0.467190688,-0.127213024,0,0
20020113,-0.634193038,-0.206556528,-0.146289171,0,0
20020114,-0.230317755,0,-0.138418988,0,0
20020115,0.75369368,0,-0.138473429,0,0
20020116,-0.279901885,-0.028573372,-0.127213024,0,0
20020117,1.273940176,-0.135545492,0,0,0
20020118,1.171505614,-0.146900034,0,0,0
20020119,1.590500711,-0.142925599,0,0,0
20020120,1.298283484,-0.138776513,-0.010291686,0,0
20020121,1.160354723,-0.135545492,0,0,0
20020122,1.402714145,-0.148299288,0,0,0
20020123,1.057470345,-0.135545492,0,0,0
20020124,1.567216897,-0.135545492,0,0,0
20020125,1.176357637,-0.135545492,0,0,0
20020126,0.690294112,-0.135545492,0,0,0
20020127,1.417785028,-0.150781947,0,0,0
20020128,1.222630633,-0.135545492,0,0,0
20020129,-0.415745418,-0.135545492,0,0,0
20020130,1.782799728,-0.135545492,0,0,0
20020131,1.393086607,-0.146460929,0,0,0
20020201,0.863803706,-0.135545492,0,0,0
20020202,1.464526209,-0.152831128,0,0,0
20020203,0.471604911,-0.171813579,-0.403959453,0,1
20020204,0.749566372,-0.167145547,-0.398420259,0,1
20020205,1.402736487,-0.135545492,-0.391905578,0,0
20020206,1.031265215,-0.142739768,-0.391905578,0,0
20020207,1.459869142,-0.137428985,-0.391905578,0,0
20020208,1.534214491,-0.14059856,-0.391905578,0,0
20020209,1.441014573,-0.14644133,-0.391905578,0,0
20020210,0.484276431,-0.156500857,-0.574567438,0,1
20020211,0.933945667,-0.142165597,-0.391905578,0,1
20020212,0.554545331,-0.135545492,-0.391905578,0,1
20020213,0.16134315,-0.135545492,-0.395355047,0,1
20020214,0.816728242,-0.142119473,0,0,0
20020215,1.066321124,-0.142903877,0,0,0
20020216,1.22627085,-0.139897379,0,0,0
20020217,1.352859585,-0.147716028,-0.031198371,0,0
20020218,0.965831177,-0.135545492,0,0,0
20020219,0.825251021,-0.135545492,0,0,0
20020221,0.042124926,0,-0.504639399,0,1
20020222,-0.511325499,-0.04870214,-0.127213024,0,1
20020223,0.484237789,-0.007067167,-0.127213024,0,1
20020224,-0.33432708,-0.016568426,-0.222648243,0,1
20020225,-1.183565995,0,-0.207901935,0,1
20020226,1.014884073,0,-0.207901935,0,1
20020227,1.264559548,0,-0.211509877,0,1
20020228,-0.025342808,0,-0.21452647,0,0
20020301,-0.31017715,0,-0.211321641,0,0
20020302,-0.620576488,0,-0.211321641,0,0
20020303,0.491723522,0,-0.207901935,0,1
20020304,-0.477475644,0,-0.224241179,0,1
20020305,0.188440238,0,-0.211268942,0,1
20020306,0.283358101,0,-0.22180364,0,1
20020307,-1.229640551,0,-0.207901935,0,0
20020308,0.211647386,0,-0.207901935,0,0
20020309,-1.290884176,0,-0.215870105,0,0
20020310,0.055724149,-0.009908078,-0.198641227,0,0
20020311,0.468724448,0,-0.127213024,0,0
20020312,-0.560472564,0,-0.127213024,0,0
20020313,-1.225538582,0,-0.131528957,0,1
20020314,-1.280656029,0,-0.502950006,0,1
20020315,-1.209258809,0,-0.504989743,0,1
20020316,-1.354029401,0,-0.504077202,0,1
20020317,-0.817574759,0,-0.127213024,0,1
20020318,-1.209258809,0,-0.212956706,0,1
20020319,4.142261804,-1.054860424,-0.207901935,0,1
20020320,4.033161111,-1.063217805,-0.207901935,0,1
20020321,2.259071986,-0.363235654,-0.229134155,1,1
20020322,2.376052245,-0.366193611,-0.216340804,1,1
20020323,2.174168108,-0.375420433,-0.207901935,1,1
20020324,2.423534902,-0.377484114,-0.207901935,0,0
20020325,2.00905477,-0.365575292,-0.207901935,1,1
20020326,1.091537375,-0.360707207,-0.231999487,0,1
20020327,0.856675022,-0.360707207,-0.220587095,0,1
20020328,0.25747623,-0.360707207,-0.207901935,0,1
20020329,0.235405928,-0.157972528,-0.207901935,0,1
20020330,1.193261149,-0.137408268,-0.207901935,0,1
20020331,0.079043207,-0.135545492,-0.229747464,0,1
20020401,0.60995559,-0.139585902,-0.215363446,0,1
20020402,0.399284249,-0.135545492,-0.221361089,0,1
20020403,0.74203735,-0.149466831,-0.207901935,0,1
20020404,0.555416285,-0.135545492,0,0,0
20020405,0.399582445,-0.135545492,0,0,0
20020406,1.08578581,-0.135545492,0,0,0
20020407,4.054483029,-0.593436397,-0.011154127,1,0
20020408,0.825821797,-0.144150961,0,1,0
20020409,0.536713395,-0.135545492,0,1,0
20020410,1.289470176,-0.144998635,0,1,0
20020411,1.128696684,-0.135545492,0,1,0
20020412,0.827168489,-0.135545492,0,1,0
20020413,0.942891414,-0.135545492,0,1,0
20020414,1.696303845,-0.155090088,-0.052551495,1,0
20020415,1.372673265,-0.148007615,0,1,0
20020416,1.201551496,-0.135545492,0,1,0
20020417,0.953862805,-0.135545492,0,1,0
20020418,0.669151675,-0.129801651,-0.207901935,1,0
20020419,0.400776119,-0.135545492,-0.207901935,1,0
20020420,0.241307522,-0.135545492,-0.207901935,1,0
20020421,-0.700371026,0,-0.617577576,0,1
20020422,-1.255046075,-0.092146176,-0.462427502,0,1
20020423,-1.284538452,0,-0.46091536,0,1
20020424,-0.17479329,0,-0.45588309,0,1
20020425,-1.090244039,0,-0.448891504,0,1
20020426,-0.067035401,-0.009434032,-0.447727987,0,1
20020427,-0.282418243,0,-0.452773042,0,1
20020428,-1.425995728,0,-0.457036051,0,1
20020429,-1.421661505,0,-0.443730646,0,1
20020430,-1.192406168,0,-0.449693319,0,0
20020501,-1.479556992,0,-0.451817972,0,1
20020502,-1.216395324,0,-0.443730646,0,1
20020503,-1.253048642,0,-0.454938099,0,1
20020504,-1.278987508,0,-0.449296523,0,1
20020505,-0.052829614,0,-0.628971707,0,1
20020506,-1.475677922,0,-0.453593327,0,1
20020507,-1.081126974,0,-0.44561987,0,1
20020508,-0.084953706,0,-0.446986532,0,1
20020509,-0.160700611,0,-0.445727319,0,1
20020510,-0.361861471,0,-0.443730646,0,1
20020511,-1.397728739,0,-0.460087091,0,1
20020512,-0.861623331,-0.019556179,-0.461682456,0,1
20020513,-0.062348625,0,-0.450472245,0,1
20020514,-0.254900583,-0.024956732,-0.444424689,0,1
20020515,-1.211047718,0,-0.449063992,0,1
20020516,1.000276388,-0.183731,-0.447995045,0,1
20020517,1.000012072,-0.18302603,-0.443730646,0,1
20020518,0.618569931,-0.176703564,-0.443730646,0,1
20020519,0.651365647,-0.176703564,-0.443730646,0,1
20020520,-1.146449618,0,-0.452277707,0,1
20020521,-0.143234168,-0.176703564,-0.449345484,0,0
20020522,-0.013902905,-0.176703564,-0.443730646,0,1
20020523,1.207919978,-0.176703564,-0.443730646,0,1
20020524,0.221582271,-0.176703564,-0.443730646,0,1
20020525,0.26918749,-0.176703564,-0.445801347,0,1
20020526,1.101462501,-0.188407209,-0.197452519,0,0
20020527,0.42617815,-0.176703564,0,0,0
20020528,1.060738636,-0.190666135,0,0,0
20020529,1.011823159,-0.176703564,0,0,0
20020530,1.210356775,-0.176703564,0,0,0
20020531,1.02474244,-0.176703564,0,0,0
20020601,0.579149077,-0.176703564,0,0,0
20020602,0.986400298,-0.176703564,0,0,0
20020603,0.878573552,-0.176703564,0,0,0
20020604,1.099012369,-0.176703564,0,0,0
20020605,0.617112494,-0.189388724,0,0,0
20020606,0.637577329,-0.176703564,0,0,0
20020607,1.149140326,-0.176703564,0,0,0
20020608,0.887811261,-0.176703564,0,0,0
20020609,0.344101264,-0.191214097,-0.637401891,0,1
20020610,-1.216987741,-0.176703564,-0.399237587,0,1
20020611,-1.227884624,-0.176703564,-0.394086604,0,1
20020613,0.57574517,-0.189388724,-0.391905578,0,1
20020614,-0.117190267,-0.176703564,-0.400180015,0,1
20020615,-0.283423016,-0.176703564,-0.39722272,0,1
20020616,0.494911265,-0.176703564,-0.391905578,0,1
20020617,-1.248181059,-0.176703564,-0.396334564,0,1
20020618,0.897539077,-0.176703564,-0.391905578,0,1
20020619,-0.14698219,-0.176703564,-0.391905578,0,1
20020620,-0.400117502,0,-0.391905578,0,1
20020621,0.172569265,0,-0.395775207,0,1
20020622,0.035627178,0,-0.391905578,0,1
20020623,-1.475677922,0,-0.410107755,0,1
20020624,-0.09014535,0,-0.393725415,0,1
20020625,-1.14962221,0,-0.39696888,0,1
20020626,-0.044335814,0,-0.393590499,0,1
20020627,-1.147402453,0,-0.391905578,0,0
20020628,0.704930619,0,-0.207901935,0,0
20020629,0.41047765,0,-0.207901935,0,0
20020630,-0.167419403,0,-0.222412468,0,0
20020701,-1.472013237,0,-0.207901935,0,0
20020702,0.113728765,0,-0.207901935,0,0
20020703,-1.213427963,0,-0.207901935,0,0
20020704,-1.269760545,0,-0.226562358,0,0
20020705,-0.535615793,0,-0.216946314,0,0
20020706,-1.371180723,0,-0.219979377,0,0
20020707,-1.62924054,0,-0.631528162,0,1
20020708,-1.283430726,0,-0.391905578,0,1
20020709,-1.26807373,0,-0.40205795,0,1
20020710,-1.114485638,0,-0.391905578,0,1
20020711,0.722575991,0,-0.399815568,0,1
20020712,-1.301553133,0,-0.399192162,0,1
20020713,-0.70902053,0,-0.391905578,0,0
20020714,-0.477475644,-0.016568426,-0.22174831,0,0
20020715,-1.320688604,0,-0.207901935,0,0
20020716,-1.196646029,0,-0.207901935,0,0
20020717,-0.112435429,0,-0.211728959,0,0
20020718,0.956852344,-0.135545492,0,0,0
20020719,0.301645779,-0.165007525,-0.02593058,0,0
20020720,0.371063681,-0.176703564,-0.02593058,0,0
20020721,1.013155691,-0.178505908,-0.052551495,0,0
20020722,-0.230317755,-0.135545492,0,0,0
20020723,0.890785441,-0.144546453,0,0,0
20020724,0.380674939,-0.135545492,0,0,0
20020725,0.685746065,-0.135545492,0,0,0
20020726,1.36985874,-0.142772001,0,0,0
20020727,0.745757131,-0.135545492,0,0,0
20020728,0.463851166,-0.163584712,-0.02593058,0,0
20020729,0.114849842,-0.135545492,0,0,0
20020730,0.768679243,-0.135545492,0,0,0
20020731,0.924658982,-0.143191133,0,0,0
20020801,0.499020578,-0.135545492,0,0,0
20020802,-0.037616864,-0.135545492,0,0,0
20020803,-0.045928932,-0.153857296,-0.216709332,0,1
20020804,-0.46896142,-0.135545492,-0.617901444,0,1
20020805,0.740763035,-0.135545492,-0.453314206,0,1
20020806,-0.226338442,-0.135545492,-0.45174137,0,1
20020807,0.13868752,-0.14059856,-0.452699316,0,1
20020808,-0.627541423,-0.135545492,-0.451406305,0,1
20020809,-0.14956877,-0.135545492,-0.443730646,0,1
20020810,2.731712575,-0.473346154,-0.443730646,1,1
20020811,2.511935322,-0.489918939,-0.449378606,1,1
20020812,2.746955175,-0.475106819,-0.450848114,1,1
20020813,2.720267385,-0.471916927,-0.446774789,1,1
20020814,3.033953486,-0.471804938,-0.443730646,1,1
20020815,0.475351236,-0.135545492,-0.443730646,1,0
20020816,0.901128484,-0.140936341,-0.207901935,1,0
20020817,0.843711706,-0.135545492,-0.207901935,1,0
20020818,0.435408984,-0.135545492,-0.207901935,1,0
20020819,-0.104360015,-0.135545492,-0.207901935,1,0
20020820,-0.698880712,-0.135545492,-0.207901935,1,0
20020822,0.630641975,-0.135545492,-0.207901935,1,0
20020823,1.080575926,-0.135545492,-0.207901935,1,0
20020824,0.04787808,-0.161070104,-0.207901935,1,0
20020825,0.726589068,-0.146356408,-0.222412468,1,0
20020826,0.637036935,-0.135545492,-0.207901935,1,0
20020827,0.666366158,-0.135545492,-0.207901935,1,0
20020828,0.367880348,-0.142830024,-0.207901935,1,0
20020829,-0.605681155,-0.135545492,-0.207901935,1,0
20020830,-0.170586301,0,-0.207901935,0,0
20020831,-1.375486162,0,-0.207901935,0,0
20020901,-1.037091432,-0.003527341,-0.213017036,0,0
20020902,-0.214304603,0,-0.207901935,0,0
20020903,-1.267510825,0,-0.221651491,0,0
20020904,-0.139182064,-0.012994867,-0.216340804,0,0
20020905,-0.149855756,0,-0.207901935,0,0
20020906,-0.245296356,0,-0.207901935,0,0
20020907,-0.001748471,0,-0.207901935,0,0
20020908,-1.620575657,0,-0.639524164,0,1
20020909,0.174353387,0,-0.506133205,0,1
20020910,-1.284538452,0,-0.504236096,0,1
20020911,-0.512823626,0,-0.498719583,0,1
20020912,-1.226418993,0,-0.508269167,0,1
20020913,-1.233725762,0,-0.506943119,0,1
20020914,-0.66079615,0,-0.513103529,0,0
20020915,-1.465798462,0,-0.244580864,0,0
20020916,-0.22127514,0,-0.207901935,0,0
20020917,-1.204472679,0,-0.207901935,0,0
20020918,-0.106759537,0,-0.207901935,0,0
20020919,-0.132781111,-0.176703564,0,0,0
20020920,0.579818495,-0.176703564,0,0,0
20020921,-0.235598993,-0.176703564,-1.14439825,0,1
20020922,1.143529194,-0.196286436,-0.02593058,0,0
20020923,0.617575994,-0.184083672,0,0,0
20020924,-1.235762127,-0.176703564,0,0,0
20020925,0.577143505,-0.181617579,0,0,0
20020926,0.380674939,-0.176703564,0,0,0
20020927,0.524924548,-0.176703564,0,0,0
20020928,-0.180931703,-0.176703564,0,0,0
20020929,0.72649716,-0.176703564,0,0,0
20020930,0.654567699,-0.176703564,0,0,0
20021001,0.517235009,-0.176703564,0,0,0
20021002,1.116878097,-0.176703564,-0.017460176,0,1
20021003,-0.158142701,-0.176703564,-0.507023436,0,1
20021004,1.262013961,-0.176703564,-0.505153459,0,1
20021005,0.646263595,-0.176703564,-0.503552177,0,1
20021006,0.004008021,-0.197077784,-0.127213024,0,1
20021007,0.645309851,-0.176703564,-0.127213024,0,1
20021008,0.767562892,-0.176703564,-0.132294488,0,0
20021009,0.95776398,-0.176703564,-0.127213024,0,1
20021010,-0.587786665,-0.228439239,-0.168358068,0,0
20021011,0.293700145,-0.246296856,-0.160045914,0,1
20021012,0.446287103,-0.176703564,-0.170784272,0,1
20021013,1.22616161,-0.196863398,-0.190202358,0,1
20021014,0.528763324,-0.228439239,-0.160713694,0,1
20021015,0.83536929,-0.20593829,-0.06158498,0,0
20021016,-1.046968056,0,-0.430983699,0,1
20021017,0.497251504,0,-0.412732481,0,1
20021018,-0.371218669,0,-0.430520414,0,1
20021019,-0.48211746,0,-0.420942631,0,0
20021020,0.019692633,0,-0.414608029,0,0
20021021,-0.968883182,0,-0.120346044,0,0
20021022,-1.106249716,0,-0.391905578,0,0
20021023,-1.051520681,0,-0.408455924,0,0
20021024,0.535118316,0,-0.391905578,0,0
20021025,-1.097611788,0,-0.396545958,0,0
20021026,-1.180499448,0,-0.391905578,0,0
20021027,-1.379017952,0,-0.41231445,0,0
20021028,-0.016529302,0,-0.39696888,0,0
20021029,-0.021435281,0,-0.395157614,0,0
20021030,-0.391704193,-0.03038661,-0.396606364,0,0
20021031,0.004008021,0,-0.395900789,0,0
20021101,-0.160416721,0,-0.391905578,0,0
20021102,-0.106759537,0,-0.401329352,0,0
20021103,-1.240111851,0,-0.409128563,0,0
20021104,-0.203756838,0,-0.391905578,0,0
20021105,-1.141352442,0,-0.391905578,0,0
20021106,0.039087389,-0.01537582,-0.404186063,0,0
20021107,-1.112515194,0,-0.394795754,0,0
20021108,0.049190244,0,-0.391905578,0,0
20021109,-0.470003629,-0.017762456,-0.395178904,0,0
20021110,-1.428395537,0,-0.639461935,0,1
20021111,0.003004509,-0.011806513,-0.391905578,0,0
20021112,-1.124929597,0,-0.391905578,0,0
20021113,-1.095273387,0,-0.418000689,0,0
20021114,-1.172482137,0,-0.395519605,0,0
20021115,-1.093934699,0,-0.406660361,0,0
20021116,-0.463734016,0,-0.39696888,0,0
20021117,-0.716619537,0,-0.395616158,0,0
20021118,-0.001332445,0,-0.399086179,0,0
20021119,-1.127847414,0,-0.404246933,0,0
20021120,-0.020456009,-0.208000571,-0.02698192,0,0
20021121,-0.006644543,-0.176703564,0,0,0
20021122,0.30279571,-0.176703564,-0.020690393,0,0
20021123,1.028153825,-0.187027448,0,0,0
20021124,0.634339334,-0.198549093,0,0,0
20021125,1.130102956,-0.176703564,0,0,0
20021126,0.431706419,-0.176703564,0,0,0
20021127,1.667994362,-0.179859801,-0.052551495,0,0
20021128,0.288015461,-0.176703564,0,0,0
20021129,0.712669847,-0.189388724,0,0,0
20021130,1.274752986,-0.184083672,0,0,0
20021201,0.666397065,-0.215737554,-0.052551495,0,0
20021202,0.913793852,-0.18302603,0,0,0
20021203,0.95972029,-0.183554711,0,0,0
20021204,0.868294534,-0.176703564,0,0,0
20021205,1.042862274,-0.189861649,0,0,0
20021206,1.106308495,-0.185613354,-0.222006542,0,1
20021207,0.835039963,-0.184537289,-0.224194247,0,1
20021208,-0.764537177,-0.202236866,-0.644648816,0,1
20021209,-0.945461109,0,-0.39914674,0,1
20021210,-0.481808675,-0.204394365,-0.397404073,0,1
20021211,0.840653318,-0.185747943,-0.406623751,0,1
20021212,0.25812327,-0.200084013,-0.398178217,0,1
20021213,0.26429112,-0.176703564,-0.41102662,0,0
20021214,0.102309619,-0.202236866,-0.391905578,0,0
20021215,0.593301846,-0.192585317,-0.44228102,0,0
20021216,-1.120047569,-0.176703564,-0.435783584,0,0
20021217,-0.007306575,-0.176703564,-0.391905578,0,0
20021218,0.288015461,-0.218532719,-0.242528177,0,0
20021219,-1.048721519,0,-0.20301195,0,0
20021220,-1.082144096,0,-0.166743863,0,0
20021221,-1.069183478,0,-0.20092354,0,0
20021222,-1.352737578,0,-0.174841073,0,0
20021223,0.560115913,0,-0.166743863,0,0
20021224,0.056305836,0,-0.166743863,0,0
20021225,-1.233725762,0,-0.187111166,0,0
20021226,-0.070769071,-0.033415997,-0.188758613,0,0
20021227,-0.583611293,0,-0.166743863,0,0
20021228,-0.63472326,0,-0.174528427,0,0
20021229,-0.328824016,0,-0.189170899,0,0
20021230,0.352161336,0,-0.166743863,0,0
20021231,-0.010346292,0,-0.166743863,0,0
20030101,0.428222095,0,-0.166743863,0,0
20030102,-0.889125064,0,-0.166743863,0,0
20030103,-0.191033497,0,-0.166743863,0,0
20030104,-1.139754232,0,-0.166743863,0,0
20030105,-1.295822458,0,-0.63543616,0,0
20030106,-0.066099802,0,-0.566205171,0,0
20030107,-1.121025884,0,-0.56340159,0,0
20030108,-1.110211425,-0.080629734,-0.56290931,0,1
20030109,-1.133335725,0,-0.58111952,0,1
20030110,0.328504067,0,-0.589494607,0,0
20030111,-1.298555447,0,-0.573217544,0,0
20030112,-0.208909391,-0.016568426,-0.581177641,0,0
20030113,-1.252477213,0,-0.55620863,0,0
20030114,-1.165959362,0,-0.166743863,0,0
20030115,-1.044859833,0,-0.166743863,0,0
20030116,0.001334223,-0.176703564,0,0,0
20030117,1.015765823,-0.185142433,0,0,0
20030118,1.443271796,-0.176703564,0,0,0
20030119,0.99398204,-0.176703564,-0.016055391,0,0
20030120,0.694147681,-0.176703564,0,0,0
20030121,0.290352301,-0.176703564,0,0,0
20030122,0.732928051,-0.210170554,0,0,0
20030123,1.399987688,-0.176703564,0,0,0
20030124,1.040657895,-0.188443544,0,0,0
20030125,1.124237836,-0.185566252,-0.019297635,0,0
20030126,0.054192229,-0.215252235,-0.02593058,0,0
20030127,0.6314878,-0.176703564,-0.031198371,0,0
20030128,0.609725572,-0.176703564,0,0,0
20030129,1.028969628,-0.205474862,0,0,0
20030130,0.818062735,-0.176703564,-0.031198371,0,0
20030131,0.466170983,-0.176703564,0,0,0
20030201,0.924658982,-0.186084496,0,0,0
20030202,1.171679383,-0.18058958,0,0,0
20030203,-0.028263465,-0.176703564,0,0,0
20030204,0.802005871,-0.19426381,0,0,0
20030205,0.322963887,-0.176703564,0,0,0
20030206,0.878788527,-0.176703564,0,0,0
20030207,1.225196441,-0.176703564,0,0,0
20030208,-0.08678913,-0.196506192,-0.213263878,0,1
20030209,0.184644252,-0.20828963,-0.655561361,0,1
20030210,1.001372154,-0.176703564,0,0,0
20030211,0.234457311,-0.180914097,0,0,0
20030212,0.832080895,-0.188781006,0,0,0
20030213,0.986176859,-0.193178402,0,0,0
20030214,1.424875279,-0.187753401,0,0,0
20030215,1.144446825,-0.192371893,0,0,0
20030216,1.169424997,-0.212081404,-0.078053788,0,0
20030217,1.399301667,-0.18058958,0,0,0
20030218,1.280853849,-0.198794522,-0.06158498,0,0
20030219,-0.872547809,0,-0.207901935,0,0
20030220,-1.053614923,0,-0.220200322,0,0
20030221,0.009713692,-0.026160826,-0.252143636,0,0
20030222,-0.076652352,0,-0.207901935,0,0
20030223,0.627894629,-0.021353124,-0.236991248,0,0
20030224,-0.318090029,0,-0.226562358,0,0
20030225,0.428631386,-0.044643842,-0.217188621,0,0
20030226,-0.446926898,0,-0.207901935,0,0
20030227,-0.40279488,0,-0.218107901,0,0
20030228,-0.36672428,-0.035846132,-0.212956706,0,0
20030301,-0.543196004,0,-0.207901935,0,0
20030302,-1.441729068,0,-0.173148739,0,0
20030303,-0.340393111,-0.037672616,-0.166743863,0,1
20030304,-1.073294481,0,-0.198978284,0,1
20030305,0.333028174,-0.009730285,-0.201917477,0,1
20030306,-1.146449618,0,-0.18417603,0,1
20030307,-0.933737645,0,-0.198700699,0,1
20030308,-1.25732398,0,-0.186523449,0,1
20030309,-0.374776779,-0.023754086,-0.657246742,0,1
20030310,2.303919316,-0.193368263,-0.198492561,1,0
20030311,1.907507078,-0.185778228,-0.166743863,1,0
20030312,1.96254779,-0.181105907,-0.185055666,1,0
20030313,3.165517357,-0.484921133,-0.25082698,1,0
20030314,2.794588963,-0.486362054,-0.166743863,1,0
20030315,2.640500231,-0.48246218,-0.166743863,1,0
20030316,-1.317747819,0,-0.166743863,0,0
20030317,-1.064020844,0,-0.166743863,0,0
20030318,-1.10757203,0,-0.179424733,0,0
20030319,0.714030391,-0.176703564,-0.166743863,0,0
20030320,0.024634281,-0.176703564,-0.052551495,0,0
20030321,1.40304933,-0.191354649,0,0,0
20030322,0.203647344,-0.197935785,0,0,0
20030323,0.573207741,-0.220882528,-0.059771743,0,0
20030324,2.091352193,-0.188708105,-0.068870987,1,0
20030325,3.30008588,-0.485713236,0,1,0
20030326,3.224202486,-0.488268004,0,1,0
20030327,1.507332689,-0.187263325,-0.016055391,1,0
20030328,0.812574424,-0.180914097,-0.045383006,0,0
20030329,0.58250066,-0.176703564,0,0,0
20030330,0.905845474,-0.181758335,-0.01572514,0,0
20030331,-0.506817602,-0.176703564,-0.045383006,0,0
20030401,0.277863764,-0.192798787,0,0,0
20030402,0.209487225,-0.202236866,0,0,0
20030403,-0.097731488,-0.213797689,-0.059771743,0,0
20030404,0.253602759,-0.176703564,0,0,0
20030405,1.197696247,-0.176703564,-0.098557768,0,0
20030406,0.286571578,-0.207278289,-0.660206778,0,1
20030407,0.772190388,-0.176703564,0,0,0
20030408,0.397496938,-0.176703564,-0.070700814,0,0
20030409,0.749868715,-0.176703564,0,0,0
20030410,0.800414274,-0.189388724,-0.031198371,0,0
20030411,0.547835449,-0.176703564,-0.038265538,0,0
20030412,0.431090656,-0.196220518,0,0,0
20030413,-0.049266241,-0.18832546,-0.014735041,0,0
20030414,-0.366031039,-0.176703564,0,0,0
20030415,1.056990614,-0.184083672,0,0,0
20030416,0.49265832,-0.198794522,-0.228419104,0,0
20030417,-1.148037172,-0.176703564,-0.207901935,0,0
20030418,-1.110870186,-0.176703564,-0.232717104,0,0
20030419,-1.2050722,-0.176703564,-0.213086652,0,0
20030420,0.013338564,-0.176703564,-0.207901935,0,0
20030421,-0.415745418,-0.206556528,-0.207901935,0,0
20030422,0.259418607,-0.176703564,-0.207901935,0,0
20030423,0.079404023,-0.176703564,-0.207901935,0,0
20030424,-0.042740154,-0.176703564,-0.207901935,0,0
20030425,-1.046968056,-0.176703564,-0.207901935,0,0
20030426,0.393338928,-0.179227756,-0.224851494,0,0
20030427,0.357866129,-0.185142433,-0.228419104,0,0
20030428,-0.030529205,-0.176703564,-0.214647323,0,0
20030429,0.54443986,-0.217438028,-0.213519928,0,0
20030430,-1.165959362,-0.176703564,-0.242636926,0,0
20030501,-0.001498876,-0.202236866,-0.226277011,0,0
20030502,-1.094269539,-0.176703564,-0.416754058,0,1
20030503,-0.147845127,-0.182321557,-0.406453561,0,1
20030504,0.286083351,-0.176703564,-0.639011826,0,1
20030505,-0.036813973,-0.176703564,-0.394434025,0,1
20030506,-0.029235125,-0.206556528,-0.406440718,0,1
20030507,-1.07602579,-0.176703564,-0.40717305,0,1
20030508,0.057629113,-0.176703564,-0.397984624,0,1
20030509,-0.430807916,-0.208723376,-0.40717305,0,0
20030510,-1.240401161,-0.176703564,-0.391905578,0,0
20030511,-1.362513832,-0.176703564,-0.409097979,0,0
20030512,-0.008298803,-0.176703564,-0.391905578,0,0
20030513,-1.080448318,-0.176703564,-0.25082698,0,0
20030514,0.502857454,-0.176703564,-0.24790727,0,0
20030515,1.043414128,-0.18038681,-0.01634445,0,0
20030516,1.203639527,-0.189388724,0,0,0
20030517,0.885519073,-0.197935785,0,0,0
20030518,0.685179011,-0.176703564,0,0,0
20030519,0.969088917,-0.213382493,0,0,0
20030520,0.335472736,-0.176703564,-0.078053788,0,0
20030521,0.30279571,-0.176703564,0,0,0
20030522,0.510825624,-0.204826423,-0.072533995,0,0
20030523,0.513830133,-0.194508189,0,0,0
20030524,0.694576773,-0.176703564,-0.012362795,0,0
20030525,1.140476493,-0.208723376,0,0,0
20030526,1.233573274,-0.205474862,0,0,0
20030527,0.357032151,-0.176703564,0,0,0
20030528,0.448790233,-0.176703564,-0.045383006,0,0
20030529,0.646263595,-0.195792161,0,0,0
20030530,1.358030896,-0.176703564,0,0,0
20030531,1.264430773,-0.187263325,0,0,0
20030601,0.316865707,-0.176703564,-0.008224858,0,0
20030602,0.766639957,-0.220882528,-0.411075494,0,1
20030603,-0.066099802,-0.203674681,-0.409691943,0,1
20030604,-0.355223892,-0.176703564,-0.408324943,0,1
20030605,-0.499258987,-0.176703564,-0.395018421,0,1
20030606,-1.094604267,-0.176703564,-0.408105886,0,1
20030607,-1.186012479,-0.176703564,-0.40205795,0,1
20030608,0.084033996,-0.249906969,-0.656947221,0,1
20030609,-0.44372382,-0.176703564,-0.402289888,0,1
20030610,0.682866871,-0.176703564,-0.402568284,0,1
20030611,-1.075684784,-0.176703564,-0.405123869,0,1
20030612,-1.030690272,-0.287682072,-0.401171032,0,1
20030613,0.688823209,-0.176703564,-0.394265263,0,1
20030614,-0.133364712,-0.176703564,-0.391905578,0,0
20030615,0.629233855,-0.187263325,-0.033548548,0,0
20030616,0.528650209,-0.176703564,0,0,0
20030617,0.805196684,-0.176703564,0,0,0
20030618,-1.07874966,0,-0.222006542,0,0
20030619,-0.452030577,0,-0.215634839,0,0
20030620,0.009713692,0,-0.207901935,0,0
20030621,0.501976008,0,-0.207901935,0,0
20030622,-0.36209357,0,-0.225801612,0,0
20030623,0.018843088,0,-0.207901935,0,0
20030624,0.049190244,0,-0.239488001,0,0
20030625,-1.132369385,0,-0.225278935,0,0
20030626,-1.117434043,0,-0.217047268,0,0
20030627,-1.08146613,0,-0.236132838,0,0
20030628,0.593000232,0,-0.23257354,0,0
20030629,-0.310665909,-0.016568426,-0.240645074,0,0
20030630,-0.057639779,-0.027366372,-0.222412468,0,0
20030701,0.13056437,0,-0.220587095,0,0
20030702,-1.142948102,0,-0.214647323,0,0
20030703,-0.051326627,-0.020154802,-0.234513405,0,0
20030704,-0.058268908,0,-0.207901935,0,0
20030705,0.488846717,0,-0.239198942,0,0
20030706,-0.895475592,0,-0.215689126,0,0
20030707,-0.374318379,0,-0.207901935,0,0
20030708,0.944497324,-0.01195498,-0.207901935,0,0
20030709,-0.426574071,0,-0.207901935,0,0
20030710,0.32330925,0,-0.217754232,0,0
20030711,-1.177731493,-0.069244412,-0.207901935,0,0
20030712,-1.322022471,0,-0.216811725,0,0
20030713,1.169447516,-0.00761287,-0.241006934,0,0
20030714,-0.400452566,-0.046855417,-0.207901935,0,0
20030715,-1.193316224,0,-0.246450605,0,0
20030716,1.193692495,-0.188963283,-0.207901935,0,0
20030717,-0.033434776,-0.176703564,0,0,0
20030718,-0.011928571,-0.176703564,0,0,0
20030719,0.828966904,-0.176703564,0,0,0
20030720,1.445420107,-0.198188278,-0.033548548,0,0
20030721,1.534794369,-0.186555861,-0.013745921,0,0
20030722,1.238815237,-0.183987476,0,0,0
20030723,0.523573197,-0.19194518,-0.031902844,0,0
20030724,0.661971563,-0.188679756,0,0,0
20030725,0.839991285,-0.185747943,0,0,0
20030726,0.160755779,-0.199009322,0,0,0
20030727,0.859595388,-0.220116057,-0.017212129,0,0
20030728,1.041916945,-0.202715908,-0.020690393,0,0
20030729,0.838007813,-0.196710294,0,0,0
20030730,-0.41177847,-0.208723376,0,0,0
20030731,0.769103013,-0.189996812,0,0,0
20030801,0.205549243,-0.176703564,0,0,0
20030802,0.878272665,-0.183554711,0,0,0
20030803,-0.019067063,-0.176703564,-0.03207904,0,0
20030804,0.581904002,-0.176703564,0,0,0
20030805,0.872957607,-0.220882528,0,0,0
20030806,1.021342653,-0.188443544,0,0,0
20030807,1.625821392,-0.193386064,-0.019529627,0,0
20030808,-1.121677562,-0.176703564,0,0,0
20030809,0.654695994,-0.19194518,0,0,0
20030810,0.939047719,-0.203020873,-0.38766154,0,0
20030811,-0.501683966,-0.230654079,-0.420299115,0,1
20030812,-1.147402453,-0.176703564,-0.410226912,0,1
20030813,-0.056065224,-0.202236866,-0.42471736,0,1
20030814,0.134674903,-0.176703564,-0.415325853,0,1
20030815,-0.988053098,-0.176703564,-0.398057217,0,1
20030816,-0.026317308,-0.176703564,-0.404868017,0,1
20030817,0.916790857,-0.195363987,-0.406051884,0,1
20030818,0.778082791,-0.187566677,0,0,0
20030819,1.427116356,-0.206223583,0,0,0
20030820,-1.096276229,-0.176703564,-0.207901935,0,0
20030821,-1.188757639,0,-0.214576824,0,0
20030822,-1.139114232,0,-0.222412468,0,0
20030823,0.156361455,0,-0.219641915,0,0
20030824,0.265790126,-0.015614228,-0.225118623,0,0
20030825,0.233193887,0,-0.207901935,0,0
20030826,-0.459953293,0,-0.223902277,0,0
20030827,-1.086877032,0,-0.226073241,0,0
20030828,0.341434528,-0.020454248,-0.230852369,0,0
20030829,0.031490667,-0.018957914,-0.215130882,0,0
20030830,-1.13365763,0,-0.218461696,0,0
20030831,-1.288957128,0,-0.237754898,0,0
20030901,-1.295548748,0,-0.207901935,0,0
20030902,-0.955126756,0,-0.207901935,0,0
20030903,-0.992510758,0,-0.207901935,0,0
20030904,-0.996210355,0,-0.207901935,0,0
20030905,-0.943905899,0,-0.207901935,0,0
